auction_date,type,term,cusip,reopening,offering_amount
2004-01-07,Note,5-Year,912828BV1,No,16000000000
2004-01-29,Note,2-Year,912828BX7,No,26000000000
2004-02-10,Note,3-Year,912828BY5,No,24000000000
2004-02-11,Note,5-Year,912828BZ2,No,16000000000
2004-02-12,Note,10-Year,912828CA6,No,16000000000
2004-02-25,Note,2-Year,912828CB4,No,26000000000
2004-03-10,Note,5-Year,912828CC2,No,16000000000
2004-03-11,Note,9-Year 11-Month,912828CA6,Yes,11000000000
2004-03-24,Note,2-Year,912828CD0,No,26000000000
2004-04-06,Note,5-Year,912828CE8,No,16000000000
2004-04-28,Note,2-Year,912828CF5,No,26000000000
2004-05-11,Note,3-Year,912828CG3,No,24000000000
2004-05-12,Note,5-Year,912828CH1,No,15000000000
2004-05-13,Note,10-Year,912828CJ7,No,15000000000
2004-05-26,Note,2-Year,912828CK4,No,25000000000
2004-06-09,Note,5-Year,912828CL2,No,15000000000
2004-06-10,Note,9-Year 11-Month,912828CJ7,Yes,10000000000
2004-06-23,Note,2-Year,912828CM0,No,25000000000
2004-07-07,Note,5-Year,912828CN8,No,15000000000
2004-07-28,Note,2-Year,912828CQ1,No,24000000000
2004-08-09,Note,3-Year,912828CR9,No,22000000000
2004-08-11,Note,5-Year,912828CS7,No,15000000000
2004-08-12,Note,10-Year,912828CT5,No,14000000000
2004-08-25,Note,2-Year,912828CU2,No,24000000000
2004-09-08,Note,5-Year,912828CV0,No,15000000000
2004-09-09,Note,9-Year 11-Month,912828CT5,Yes,9000000000
2004-09-29,Note,2-Year,912828CW8,No,24000000000
2004-10-06,Note,5-Year,912828CX6,No,15000000000
2004-10-27,Note,2-Year,912828CY4,No,24000000000
2004-11-08,Note,3-Year,912828AN0,Yes,22000000000
2004-11-09,Note,5-Year,912828DB3,No,15000000000
2004-11-10,Note,10-Year,912828DC1,No,14000000000
2004-11-23,Note,2-Year,912828DD9,No,24000000000
2004-12-08,Note,5-Year,912828DE7,No,15000000000
2004-12-09,Note,9-Year 11-Month,912828DC1,Yes,9000000000
2004-12-29,Note,2-Year,912828DF4,No,24000000000
2005-01-12,Note,5-Year,912828DG2,No,15000000000
2005-01-26,Note,2-Year,912828DJ6,No,24000000000
2005-02-08,Note,3-Year,912828DK3,No,22000000000
2005-02-09,Note,5-Year,912828DL1,No,15000000000
2005-02-10,Note,10-Year,912828DM9,No,14000000000
2005-02-24,Note,2-Year,912828DN7,No,24000000000
2005-03-09,Note,5-Year,912828DP2,No,15000000000
2005-03-10,Note,9-Year 11-Month,912828DM9,Yes,9000000000
2005-03-30,Note,2-Year,912828DQ0,No,24000000000
2005-04-13,Note,5-Year,912828DR8,No,15000000000
2005-04-27,Note,2-Year,912828DS6,No,24000000000
2005-05-10,Note,3-Year,912828DT4,No,22000000000
2005-05-11,Note,5-Year,912828DU1,No,15000000000
2005-05-12,Note,10-Year,912828DV9,No,14000000000
2005-05-25,Note,2-Year,912828DW7,No,22000000000
2005-06-08,Note,5-Year,912828DX5,No,14000000000
2005-06-09,Note,9-Year 11-Month,912828DV9,Yes,8000000000
2005-06-29,Note,2-Year,912828DY3,No,20000000000
2005-07-13,Note,5-Year,912828DZ0,No,13000000000
2005-07-27,Note,2-Year,912828EB2,No,20000000000
2005-08-08,Note,3-Year,912828EC0,No,18000000000
2005-08-10,Note,5-Year,912828ED8,No,13000000000
2005-08-11,Note,10-Year,912828EE6,No,13000000000
2005-08-24,Note,2-Year,912828EF3,No,20000000000
2005-09-07,Note,5-Year,912828EG1,No,13000000000
2005-09-08,Note,9-Year 11-Month,912828EE6,Yes,8000000000
2005-09-28,Note,2-Year,912828EH9,No,20000000000
2005-10-12,Note,5-Year,912828EJ5,No,13000000000
2005-10-26,Note,2-Year,912828EK2,No,20000000000
2005-11-08,Note,3-Year,912828EL0,No,18000000000
2005-11-09,Note,5-Year,912828EM8,No,13000000000
2005-11-10,Note,10-Year,912828EN6,No,13000000000
2005-11-23,Note,2-Year,912828EP1,No,20000000000
2005-12-07,Note,5-Year,912828EQ9,No,13000000000
2005-12-08,Note,9-Year 11-Month,912828EN6,Yes,8000000000
2005-12-29,Note,2-Year,912828ER7,No,20000000000
2006-01-11,Note,5-Year,912828ES5,No,13000000000
2006-01-25,Note,2-Year,912828EU0,No,22000000000
2006-02-07,Note,3-Year,912828EV8,No,21000000000
2006-02-08,Note,10-Year,912828EW6,No,13000000000
2006-02-09,Bond,30-Year,912810FT0,No,14000000000
2006-02-22,Note,2-Year,912828EY2,No,22000000000
2006-02-23,Note,5-Year,912828EX4,No,14000000000
2006-03-09,Note,9-Year 11-Month,912828EW6,Yes,8000000000
2006-03-27,Note,2-Year,912828EZ9,No,22000000000
2006-03-29,Note,5-Year,912828FA3,No,14000000000
2006-04-26,Note,2-Year,912828FC9,No,22000000000
2006-04-27,Note,5-Year,912828FD7,No,14000000000
2006-05-09,Note,3-Year,912828FE5,No,21000000000
2006-05-11,Note,10-Year,912828FF2,No,13000000000
2006-05-24,Note,2-Year,912828FG0,No,22000000000
2006-05-25,Note,5-Year,912828FH8,No,14000000000
2006-06-08,Note,9-Year 11-Month,912828FF2,Yes,8000000000
2006-06-27,Note,2-Year,912828FJ4,No,22000000000
2006-06-28,Note,5-Year,912828FK1,No,14000000000
2006-07-26,Note,2-Year,912828FM7,No,22000000000
2006-07-27,Note,5-Year,912828FN5,No,14000000000
2006-08-07,Note,3-Year,912828FP0,No,21000000000
2006-08-09,Note,10-Year,912828FQ8,No,13000000000
2006-08-10,Bond,29-Year 6-Month,912810FT0,Yes,10000000000
2006-08-29,Note,2-Year,912828FR6,No,22000000000
2006-08-30,Note,5-Year,912828FS4,No,14000000000
2006-09-12,Note,9-Year 11-Month,912828FQ8,Yes,8000000000
2006-09-27,Note,2-Year,912828FT2,No,20000000000
2006-09-28,Note,5-Year,912828FU9,No,14000000000
2006-10-24,Note,2-Year,912828FV7,No,20000000000
2006-10-26,Note,5-Year,912828FW5,No,14000000000
2006-11-08,Note,3-Year,912828FX3,No,19000000000
2006-11-09,Note,10-Year,912828FY1,No,13000000000
2006-11-28,Note,2-Year,912828FZ8,No,20000000000
2006-11-29,Note,5-Year,912828GA2,No,14000000000
2006-12-13,Note,9-Year 11-Month,912828FY1,Yes,8000000000
2006-12-27,Note,2-Year,912828GB0,No,20000000000
2006-12-28,Note,5-Year,912828GC8,No,13000000000
2007-01-24,Note,2-Year,912828GE4,No,20000000000
2007-01-25,Note,5-Year,912828GF1,No,13000000000
2007-02-06,Note,3-Year,912828GG9,No,16000000000
2007-02-07,Note,10-Year,912828GH7,No,13000000000
2007-02-08,Bond,30-Year,912810PT9,No,9000000000
2007-02-21,Note,2-Year,912828GJ3,No,18000000000
2007-02-22,Note,5-Year,912828GK0,No,13000000000
2007-03-13,Note,9-Year 11-Month,912828GH7,Yes,8000000000
2007-03-28,Note,2-Year,912828GL8,No,18000000000
2007-03-29,Note,5-Year,912828GM6,No,13000000000
2007-04-25,Note,2-Year,912828GP9,No,18000000000
2007-04-26,Note,5-Year,912828GQ7,No,13000000000
2007-05-07,Note,3-Year,912828GR5,No,14000000000
2007-05-08,Note,10-Year,912828GS3,No,13000000000
2007-05-10,Bond,29-Year 9-Month,912810PT9,Yes,5000000000
2007-05-29,Note,2-Year,912828GT1,No,18000000000
2007-05-30,Note,5-Year,912828GU8,No,13000000000
2007-06-12,Note,9-Year 11-Month,912828GS3,Yes,8000000000
2007-06-26,Note,2-Year,912828GV6,No,18000000000
2007-06-27,Note,5-Year,912828GW4,No,13000000000
2007-07-25,Note,2-Year,912828GY0,No,18000000000
2007-07-26,Note,5-Year,912828GZ7,No,13000000000
2007-08-08,Note,10-Year,912828HA1,No,13000000000
2007-08-09,Bond,29-Year 9-Month,912810PU6,No,9000000000
2007-08-29,Note,2-Year,912828HB9,No,18000000000
2007-08-30,Note,5-Year,912828HC7,No,13000000000
2007-09-13,Note,9-Year 11-Month,912828HA1,Yes,8000000000
2007-09-26,Note,2-Year,912828HD5,No,18000000000
2007-09-27,Note,5-Year,912828HE3,No,13000000000
2007-10-24,Note,2-Year,912828HF0,No,20000000000
2007-10-25,Note,5-Year,912828HG8,No,13000000000
2007-11-07,Note,10-Year,912828HH6,No,13000000000
2007-11-08,Bond,29-Year 6-Month,912810PU6,Yes,5000000000
2007-11-28,Note,2-Year,912828HJ2,No,20000000000
2007-11-29,Note,5-Year,912828HK9,No,13000000000
2007-12-13,Note,9-Year 11-Month,912828HH6,Yes,8000000000
2007-12-26,Note,2-Year,912828HL7,No,22000000000
2007-12-27,Note,5-Year,912828HM5,No,13000000000
2008-01-28,Note,2-Year,912828HP8,No,24000000000
2008-01-29,Note,5-Year,912828HQ6,No,14000000000
2008-02-06,Note,10-Year,912828HR4,No,13000000000
2008-02-07,Bond,30-Year,912810PW2,No,9000000000
2008-02-27,Note,2-Year,912828HS2,No,26000000000
2008-02-28,Note,5-Year,912828HT0,No,16000000000
2008-03-13,Note,9-Year 11-Month,912828HR4,Yes,10000000000
2008-03-26,Note,2-Year,912828HU7,No,28000000000
2008-03-27,Note,5-Year,912828HV5,No,18000000000
2008-04-23,Note,2-Year,912828HX1,No,30000000000
2008-04-24,Note,5-Year,912828HY9,No,19000000000
2008-05-07,Note,10-Year,912828HZ6,No,15000000000
2008-05-08,Bond,29-Year 9-Month,912810PW2,Yes,6000000000
2008-05-28,Note,2-Year,912828JA9,No,30000000000
2008-05-29,Note,5-Year,912828JB7,No,19000000000
2008-06-12,Note,9-Year 11-Month,912828HZ6,Yes,11000000000
2008-06-24,Note,2-Year,912828JC5,No,30000000000
2008-06-26,Note,5-Year,912828JD3,No,20000000000
2008-07-23,Note,2-Year,912828JF8,No,31000000000
2008-07-24,Note,5-Year,912828JG6,No,21000000000
2008-08-06,Note,10-Year,912828JH4,No,17000000000
2008-08-07,Bond,29-Year 9-Month,912810PX0,No,10000000000
2008-08-27,Note,2-Year,912828JJ0,No,32000000000
2008-08-28,Note,5-Year,912828JK7,No,22000000000
2008-09-11,Note,9-Year 11-Month,912828JH4,Yes,12000000000
2008-09-24,Note,2-Year,912828JL5,No,34000000000
2008-09-25,Note,5-Year,912828JM3,No,24000000000
2008-10-08,Note,6-Year 7-Month,912828DV9,Yes,10000000000
2008-10-08,Note,6-Year 10-Month,912828EE6,Yes,10000000000
2008-10-09,Note,6-Year 4-Month,912828DM9,Yes,10000000000
2008-10-09,Note,9-Year 4-Month,912828HR4,Yes,10000000000
2008-10-28,Note,2-Year,912828JP6,No,34000000000
2008-10-30,Note,5-Year,912828JQ4,No,24000000000
2008-11-10,Note,3-Year,912828JU5,No,25000000000
2008-11-12,Note,10-Year,912828JR2,No,20000000000
2008-11-13,Bond,29-Year 6-Month,912810PX0,Yes,10000000000
2008-11-24,Note,2-Year,912828JS0,No,36000000000
2008-11-25,Note,5-Year,912828JT8,No,26000000000
2008-12-10,Note,3-Year,912828KA7,No,28000000000
2008-12-11,Note,9-Year 11-Month,912828JR2,Yes,16000000000
2008-12-22,Note,2-Year,912828JV3,No,38000000000
2008-12-23,Note,5-Year,912828JW1,No,28000000000
2009-01-07,Note,3-Year,912828KB5,No,30000000000
2009-01-08,Note,9-Year 10-Month,912828JR2,Yes,16000000000
2009-01-27,Note,2-Year,912828JY7,No,40000000000
2009-01-29,Note,5-Year,912828JZ4,No,30000000000
2009-02-10,Note,3-Year,912828KC3,No,32000000000
2009-02-11,Note,10-Year,912828KD1,No,21000000000
2009-02-12,Bond,30-Year,912810QA9,No,14000000000
2009-02-24,Note,2-Year,912828KE9,No,40000000000
2009-02-25,Note,5-Year,912828KF6,No,32000000000
2009-02-26,Note,7-Year,912828KS8,No,22000000000
2009-03-10,Note,3-Year,912828KG4,No,34000000000
2009-03-11,Note,9-Year 11-Month,912828KD1,Yes,18000000000
2009-03-12,Bond,29-Year 11-Month,912810QA9,Yes,11000000000
2009-03-24,Note,2-Year,912828KH2,No,40000000000
2009-03-25,Note,5-Year,912828KJ8,No,34000000000
2009-03-26,Note,7-Year,912828KT6,No,24000000000
2009-04-08,Note,3-Year,912828KK5,No,35000000000
2009-04-09,Note,9-Year 10-Month,912828KD1,Yes,18000000000
2009-04-27,Note,2-Year,912828KL3,No,40000000000
2009-04-28,Note,5-Year,912828KN9,No,35000000000
2009-04-29,Note,7-Year,912828KR0,No,26000000000
2009-05-05,Note,3-Year,912828KP4,No,35000000000
2009-05-06,Note,10-Year,912828KQ2,No,22000000000
2009-05-07,Bond,30-Year,912810QB7,No,14000000000
2009-05-26,Note,2-Year,912828KU3,No,40000000000
2009-05-27,Note,5-Year,912828KV1,No,35000000000
2009-05-28,Note,7-Year,912828KW9,No,26000000000
2009-06-09,Note,3-Year,912828KX7,No,35000000000
2009-06-10,Note,9-Year 11-Month,912828KQ2,Yes,19000000000
2009-06-11,Bond,29-Year 11-Month,912810QB7,Yes,11000000000
2009-06-23,Note,2-Year,912828LF5,No,40000000000
2009-06-24,Note,5-Year,912828KY5,No,37000000000
2009-06-25,Note,7-Year,912828KZ2,No,27000000000
2009-07-07,Note,3-Year,912828LB4,No,35000000000
2009-07-08,Note,9-Year 10-Month,912828KQ2,Yes,19000000000
2009-07-09,Bond,29-Year 10-Month,912810QB7,Yes,11000000000
2009-07-28,Note,2-Year,912828LG3,No,42000000000
2009-07-29,Note,5-Year,912828LC2,No,39000000000
2009-07-30,Note,7-Year,912828LD0,No,28000000000
2009-08-11,Note,3-Year,912828LH1,No,37000000000
2009-08-12,Note,10-Year,912828LJ7,No,23000000000
2009-08-13,Bond,30-Year,912810QC5,No,15000000000
2009-08-25,Note,2-Year,912828LV0,No,42000000000
2009-08-26,Note,5-Year,912828LK4,No,39000000000
2009-08-27,Note,7-Year,912828LL2,No,28000000000
2009-09-08,Note,3-Year,912828LM0,No,38000000000
2009-09-09,Note,9-Year 11-Month,912828LJ7,Yes,20000000000
2009-09-10,Bond,29-Year 11-Month,912810QC5,Yes,12000000000
2009-09-22,Note,2-Year,912828LW8,No,43000000000
2009-09-23,Note,5-Year,912828LQ1,No,40000000000
2009-09-24,Note,7-Year,912828LP3,No,29000000000
2009-10-06,Note,3-Year,912828LR9,No,39000000000
2009-10-07,Note,9-Year 10-Month,912828LJ7,Yes,20000000000
2009-10-08,Bond,29-Year 10-Month,912810QC5,Yes,12000000000
2009-10-27,Note,2-Year,912828LT5,No,44000000000
2009-10-28,Note,5-Year,912828LS7,No,41000000000
2009-10-29,Note,7-Year,912828LU2,No,31000000000
2009-11-09,Note,3-Year,912828LX6,No,40000000000
2009-11-10,Note,10-Year,912828LY4,No,25000000000
2009-11-12,Bond,30-Year,912810QD3,No,16000000000
2009-11-23,Note,2-Year,912828MM9,No,44000000000
2009-11-24,Note,5-Year,912828LZ1,No,42000000000
2009-11-25,Note,7-Year,912828MA5,No,32000000000
2009-12-08,Note,3-Year,912828MB3,No,40000000000
2009-12-09,Note,9-Year 11-Month,912828LY4,Yes,21000000000
2009-12-10,Bond,29-Year 11-Month,912810QD3,Yes,13000000000
2009-12-28,Note,2-Year,912828ML1,No,44000000000
2009-12-29,Note,5-Year,912828ME7,No,42000000000
2009-12-30,Note,7-Year,912828MD9,No,32000000000
2010-01-12,Note,3-Year,912828MG2,No,40000000000
2010-01-13,Note,9-Year 10-Month,912828LY4,Yes,21000000000
2010-01-14,Bond,29-Year 10-Month,912810QD3,Yes,13000000000
2010-01-26,Note,2-Year,912828MJ6,No,44000000000
2010-01-27,Note,5-Year,912828MH0,No,42000000000
2010-01-28,Note,7-Year,912828MK3,No,32000000000
2010-02-09,Note,3-Year,912828MN7,No,40000000000
2010-02-10,Note,10-Year,912828MP2,No,25000000000
2010-02-11,Bond,30-Year,912810QE1,No,16000000000
2010-02-23,Note,2-Year,912828MQ0,No,44000000000
2010-02-24,Note,5-Year,912828MR8,No,42000000000
2010-02-25,Note,7-Year,912828MS6,No,32000000000
2010-03-09,Note,3-Year,912828MT4,No,40000000000
2010-03-10,Note,9-Year 11-Month,912828MP2,Yes,21000000000
2010-03-11,Bond,29-Year 11-Month,912810QE1,Yes,13000000000
2010-03-23,Note,2-Year,912828MU1,No,44000000000
2010-03-24,Note,5-Year,912828MW7,No,42000000000
2010-03-25,Note,7-Year,912828MV9,No,32000000000
2010-04-06,Note,3-Year,912828MX5,No,40000000000
2010-04-07,Note,9-Year 10-Month,912828MP2,Yes,21000000000
2010-04-08,Bond,29-Year 10-Month,912810QE1,Yes,13000000000
2010-04-27,Note,2-Year,912828NB2,No,44000000000
2010-04-28,Note,5-Year,912828MZ0,No,42000000000
2010-04-29,Note,7-Year,912828NA4,No,32000000000
2010-05-11,Note,3-Year,912828NC0,No,38000000000
2010-05-12,Note,10-Year,912828ND8,No,24000000000
2010-05-13,Bond,30-Year,912810QH4,No,16000000000
2010-05-25,Note,2-Year,912828NE6,No,42000000000
2010-05-26,Note,5-Year,912828NF3,No,40000000000
2010-05-27,Note,7-Year,912828NG1,No,31000000000
2010-06-08,Note,3-Year,912828NH9,No,36000000000
2010-06-09,Note,9-Year 11-Month,912828ND8,Yes,21000000000
2010-06-10,Bond,29-Year 11-Month,912810QH4,Yes,13000000000
2010-06-22,Note,2-Year,912828NS5,No,40000000000
2010-06-23,Note,5-Year,912828NL0,No,38000000000
2010-06-24,Note,7-Year,912828NK2,No,30000000000
2010-07-12,Note,3-Year,912828NN6,No,35000000000
2010-07-13,Note,9-Year 10-Month,912828ND8,Yes,21000000000
2010-07-14,Bond,29-Year 10-Month,912810QH4,Yes,13000000000
2010-07-27,Note,2-Year,912828NQ9,No,38000000000
2010-07-28,Note,5-Year,912828NP1,No,37000000000
2010-07-29,Note,7-Year,912828NR7,No,29000000000
2010-08-10,Note,3-Year,912828NU0,No,34000000000
2010-08-11,Note,10-Year,912828NT3,No,24000000000
2010-08-12,Bond,30-Year,912810QK7,No,16000000000
2010-08-24,Note,2-Year,912828PH7,No,37000000000
2010-08-25,Note,5-Year,912828NV8,No,36000000000
2010-08-26,Note,7-Year,912828NW6,No,29000000000
2010-09-07,Note,3-Year,912828NY2,No,33000000000
2010-09-08,Note,9-Year 11-Month,912828NT3,Yes,21000000000
2010-09-09,Bond,29-Year 11-Month,912810QK7,Yes,13000000000
2010-09-27,Note,2-Year,912828NX4,No,36000000000
2010-09-28,Note,5-Year,912828NZ9,No,35000000000
2010-09-29,Note,7-Year,912828PA2,No,29000000000
2010-10-12,Note,3-Year,912828PB0,No,32000000000
2010-10-13,Note,9-Year 10-Month,912828NT3,Yes,21000000000
2010-10-14,Bond,29-Year 10-Month,912810QK7,Yes,13000000000
2010-10-26,Note,2-Year,912828PD6,No,35000000000
2010-10-27,Note,5-Year,912828PE4,No,35000000000
2010-10-28,Note,7-Year,912828PF1,No,29000000000
2010-11-08,Note,3-Year,912828PU8,No,32000000000
2010-11-09,Note,10-Year,912828PC8,No,24000000000
2010-11-10,Bond,30-Year,912810QL5,No,16000000000
2010-11-22,Note,2-Year,912828PV6,No,35000000000
2010-11-23,Note,5-Year,912828PJ3,No,35000000000
2010-11-24,Note,7-Year,912828PK0,No,29000000000
2010-12-07,Note,3-Year,912828PL8,No,32000000000
2010-12-08,Note,9-Year 11-Month,912828PC8,Yes,21000000000
2010-12-09,Bond,29-Year 11-Month,912810QL5,Yes,13000000000
2010-12-27,Note,2-Year,912828PW4,No,35000000000
2010-12-28,Note,5-Year,912828PM6,No,35000000000
2010-12-29,Note,7-Year,912828PN4,No,29000000000
2011-01-11,Note,3-Year,912828PQ7,No,32000000000
2011-01-12,Note,9-Year 10-Month,912828PC8,Yes,21000000000
2011-01-13,Bond,29-Year 10-Month,912810QL5,Yes,13000000000
2011-01-25,Note,2-Year,912828PR5,No,35000000000
2011-01-26,Note,5-Year,912828PS3,No,35000000000
2011-01-27,Note,7-Year,912828PT1,No,29000000000
2011-02-08,Note,3-Year,912828QH6,No,32000000000
2011-02-09,Note,10-Year,912828PX2,No,24000000000
2011-02-10,Bond,30-Year,912810QN1,No,16000000000
2011-02-22,Note,2-Year,912828QK9,No,35000000000
2011-02-23,Note,5-Year,912828QJ2,No,35000000000
2011-02-24,Note,7-Year,912828PY0,No,29000000000
2011-03-08,Note,3-Year,912828PZ7,No,32000000000
2011-03-09,Note,9-Year 11-Month,912828PX2,Yes,21000000000
2011-03-10,Bond,29-Year 11-Month,912810QN1,Yes,13000000000
2011-03-28,Note,2-Year,912828QL7,No,35000000000
2011-03-29,Note,5-Year,912828QA1,No,35000000000
2011-03-30,Note,7-Year,912828QB9,No,29000000000
2011-04-12,Note,3-Year,912828QC7,No,32000000000
2011-04-13,Note,9-Year 10-Month,912828PX2,Yes,21000000000
2011-04-14,Bond,29-Year 10-Month,912810QN1,Yes,13000000000
2011-04-26,Note,2-Year,912828QE3,No,35000000000
2011-04-27,Note,5-Year,912828QF0,No,35000000000
2011-04-28,Note,7-Year,912828QG8,No,29000000000
2011-05-10,Note,3-Year,912828QM5,No,32000000000
2011-05-11,Note,10-Year,912828QN3,No,24000000000
2011-05-12,Bond,30-Year,912810QQ4,No,16000000000
2011-05-24,Note,2-Year,912828QZ6,No,35000000000
2011-05-25,Note,5-Year,912828QP8,No,35000000000
2011-05-26,Note,7-Year,912828QQ6,No,29000000000
2011-06-07,Note,3-Year,912828QS2,No,32000000000
2011-06-08,Note,9-Year 11-Month,912828QN3,Yes,21000000000
2011-06-09,Bond,29-Year 11-Month,912810QQ4,Yes,13000000000
2011-06-27,Note,2-Year,912828RA0,No,35000000000
2011-06-28,Note,5-Year,912828QR4,No,35000000000
2011-06-29,Note,7-Year,912828QT0,No,29000000000
2011-07-12,Note,3-Year,912828QU7,No,32000000000
2011-07-13,Note,9-Year 10-Month,912828QN3,Yes,21000000000
2011-07-14,Bond,29-Year 10-Month,912810QQ4,Yes,13000000000
2011-07-26,Note,2-Year,912828QW3,No,35000000000
2011-07-27,Note,5-Year,912828QX1,No,35000000000
2011-07-28,Note,7-Year,912828QY9,No,29000000000
2011-08-09,Note,3-Year,912828RB8,No,32000000000
2011-08-10,Note,10-Year,912828RC6,No,24000000000
2011-08-11,Bond,30-Year,912810QS0,No,16000000000
2011-08-23,Note,2-Year,912828RD4,No,35000000000
2011-08-24,Note,5-Year,912828RF9,No,35000000000
2011-08-25,Note,7-Year,912828RE2,No,29000000000
2011-09-12,Note,3-Year,912828RG7,No,32000000000
2011-09-13,Note,9-Year 11-Month,912828RC6,Yes,21000000000
2011-09-14,Bond,29-Year 11-Month,912810QS0,Yes,13000000000
2011-09-27,Note,2-Year,912828RK8,No,35000000000
2011-09-28,Note,5-Year,912828RJ1,No,35000000000
2011-09-29,Note,7-Year,912828RH5,No,29000000000
2011-10-11,Note,3-Year,912828RL6,No,32000000000
2011-10-12,Note,9-Year 10-Month,912828RC6,Yes,21000000000
2011-10-13,Bond,29-Year 10-Month,912810QS0,Yes,13000000000
2011-10-25,Note,2-Year,912828RN2,No,35000000000
2011-10-26,Note,5-Year,912828RM4,No,35000000000
2011-10-27,Note,7-Year,912828RP7,No,29000000000
2011-11-08,Note,3-Year,912828RQ5,No,32000000000
2011-11-09,Note,10-Year,912828RR3,No,24000000000
2011-11-10,Bond,30-Year,912810QT8,No,16000000000
2011-11-21,Note,2-Year,912828RS1,No,35000000000
2011-11-22,Note,5-Year,912828RU6,No,35000000000
2011-11-23,Note,7-Year,912828RT9,No,29000000000
2011-12-12,Note,3-Year,912828RV4,No,32000000000
2011-12-13,Note,9-Year 11-Month,912828RR3,Yes,21000000000
2011-12-14,Bond,29-Year 11-Month,912810QT8,Yes,13000000000
2011-12-19,Note,2-Year,912828RW2,No,35000000000
2011-12-20,Note,5-Year,912828RX0,No,35000000000
2011-12-21,Note,7-Year,912828RY8,No,29000000000
2012-01-10,Note,3-Year,912828RZ5,No,32000000000
2012-01-11,Note,9-Year 10-Month,912828RR3,Yes,21000000000
2012-01-12,Bond,29-Year 10-Month,912810QT8,Yes,13000000000
2012-01-24,Note,2-Year,912828SB7,No,35000000000
2012-01-25,Note,5-Year,912828SC5,No,35000000000
2012-01-26,Note,7-Year,912828SD3,No,29000000000
2012-02-07,Note,3-Year,912828SE1,No,32000000000
2012-02-08,Note,10-Year,912828SF8,No,24000000000
2012-02-09,Bond,30-Year,912810QU5,No,16000000000
2012-02-21,Note,2-Year,912828SG6,No,35000000000
2012-02-22,Note,5-Year,912828SJ0,No,35000000000
2012-02-23,Note,7-Year,912828SH4,No,29000000000
2012-03-12,Note,3-Year,912828SK7,No,32000000000
2012-03-13,Note,9-Year 11-Month,912828SF8,Yes,21000000000
2012-03-14,Bond,29-Year 11-Month,912810QU5,Yes,13000000000
2012-03-27,Note,2-Year,912828SL5,No,35000000000
2012-03-28,Note,5-Year,912828SM3,No,35000000000
2012-03-29,Note,7-Year,912828SN1,No,29000000000
2012-04-10,Note,3-Year,912828SP6,No,32000000000
2012-04-11,Note,9-Year 10-Month,912828SF8,Yes,21000000000
2012-04-12,Bond,29-Year 10-Month,912810QU5,Yes,13000000000
2012-04-24,Note,2-Year,912828SR2,No,35000000000
2012-04-25,Note,5-Year,912828SS0,No,35000000000
2012-04-26,Note,7-Year,912828ST8,No,29000000000
2012-05-08,Note,3-Year,912828SU5,No,32000000000
2012-05-09,Note,10-Year,912828SV3,No,24000000000
2012-05-10,Bond,30-Year,912810QW1,No,16000000000
2012-05-22,Note,2-Year,912828SW1,No,35000000000
2012-05-23,Note,5-Year,912828SY7,No,35000000000
2012-05-24,Note,7-Year,912828SX9,No,29000000000
2012-06-12,Note,3-Year,912828SZ4,No,32000000000
2012-06-13,Note,9-Year 11-Month,912828SV3,Yes,21000000000
2012-06-14,Bond,29-Year 11-Month,912810QW1,Yes,13000000000
2012-06-26,Note,2-Year,912828TA8,No,35000000000
2012-06-27,Note,5-Year,912828TB6,No,35000000000
2012-06-28,Note,7-Year,912828TC4,No,29000000000
2012-07-10,Note,3-Year,912828TD2,No,32000000000
2012-07-11,Note,9-Year 10-Month,912828SV3,Yes,21000000000
2012-07-12,Bond,29-Year 10-Month,912810QW1,Yes,13000000000
2012-07-24,Note,2-Year,912828TF7,No,35000000000
2012-07-25,Note,5-Year,912828TG5,No,35000000000
2012-07-26,Note,7-Year,912828TH3,No,29000000000
2012-08-07,Note,3-Year,912828TK6,No,32000000000
2012-08-08,Note,10-Year,912828TJ9,No,24000000000
2012-08-09,Bond,30-Year,912810QX9,No,16000000000
2012-08-28,Note,2-Year,912828TL4,No,35000000000
2012-08-29,Note,5-Year,912828TM2,No,35000000000
2012-08-30,Note,7-Year,912828TN0,No,29000000000
2012-09-11,Note,3-Year,912828TP5,No,32000000000
2012-09-12,Note,9-Year 11-Month,912828TJ9,Yes,21000000000
2012-09-13,Bond,29-Year 11-Month,912810QX9,Yes,13000000000
2012-09-25,Note,2-Year,912828TQ3,No,35000000000
2012-09-26,Note,5-Year,912828TS9,No,35000000000
2012-09-27,Note,7-Year,912828TR1,No,29000000000
2012-10-09,Note,3-Year,912828TT7,No,32000000000
2012-10-10,Note,9-Year 10-Month,912828TJ9,Yes,21000000000
2012-10-11,Bond,29-Year 10-Month,912810QX9,Yes,13000000000
2012-10-23,Note,2-Year,912828TU4,No,35000000000
2012-10-24,Note,5-Year,912828TW0,No,35000000000
2012-10-25,Note,7-Year,912828TV2,No,29000000000
2012-11-06,Note,3-Year,912828TX8,No,32000000000
2012-11-07,Note,10-Year,912828TY6,No,24000000000
2012-11-08,Bond,30-Year,912810QY7,No,16000000000
2012-11-27,Note,2-Year,912828TZ3,No,35000000000
2012-11-28,Note,5-Year,912828UA6,No,35000000000
2012-11-29,Note,7-Year,912828UB4,No,29000000000
2012-12-11,Note,3-Year,912828UC2,No,32000000000
2012-12-12,Note,9-Year 11-Month,912828TY6,Yes,21000000000
2012-12-13,Bond,29-Year 11-Month,912810QY7,Yes,13000000000
2012-12-17,Note,2-Year,912828UD0,No,35000000000
2012-12-18,Note,5-Year,912828UE8,No,35000000000
2012-12-19,Note,7-Year,912828UF5,No,29000000000
2013-01-08,Note,3-Year,912828UG3,No,32000000000
2013-01-09,Note,9-Year 10-Month,912828TY6,Yes,21000000000
2013-01-10,Bond,29-Year 10-Month,912810QY7,Yes,13000000000
2013-01-28,Note,2-Year,912828UK4,No,35000000000
2013-01-29,Note,5-Year,912828UJ7,No,35000000000
2013-01-30,Note,7-Year,912828UL2,No,29000000000
2013-02-12,Note,3-Year,912828UM0,No,32000000000
2013-02-13,Note,10-Year,912828UN8,No,24000000000
2013-02-14,Bond,30-Year,912810QZ4,No,16000000000
2013-02-25,Note,2-Year,912828UP3,No,35000000000
2013-02-26,Note,5-Year,912828UR9,No,35000000000
2013-02-27,Note,7-Year,912828UQ1,No,29000000000
2013-03-12,Note,3-Year,912828US7,No,32000000000
2013-03-13,Note,9-Year 11-Month,912828UN8,Yes,21000000000
2013-03-14,Bond,29-Year 11-Month,912810QZ4,Yes,13000000000
2013-03-26,Note,2-Year,912828UT5,No,35000000000
2013-03-27,Note,5-Year,912828UU2,No,35000000000
2013-03-28,Note,7-Year,912828UV0,No,29000000000
2013-04-09,Note,3-Year,912828UW8,No,32000000000
2013-04-10,Note,9-Year 10-Month,912828UN8,Yes,21000000000
2013-04-11,Bond,29-Year 10-Month,912810QZ4,Yes,13000000000
2013-04-23,Note,2-Year,912828UY4,No,35000000000
2013-04-24,Note,5-Year,912828UZ1,No,35000000000
2013-04-25,Note,7-Year,912828VA5,No,29000000000
2013-05-07,Note,3-Year,912828VC1,No,32000000000
2013-05-08,Note,10-Year,912828VB3,No,24000000000
2013-05-09,Bond,30-Year,912810RB6,No,16000000000
2013-05-28,Note,2-Year,912828VD9,No,35000000000
2013-05-29,Note,5-Year,912828VE7,No,35000000000
2013-05-30,Note,7-Year,912828VF4,No,29000000000
2013-06-11,Note,3-Year,912828VG2,No,32000000000
2013-06-12,Note,9-Year 11-Month,912828VB3,Yes,21000000000
2013-06-13,Bond,29-Year 11-Month,912810RB6,Yes,13000000000
2013-06-25,Note,2-Year,912828VH0,No,35000000000
2013-06-26,Note,5-Year,912828VK3,No,35000000000
2013-06-27,Note,7-Year,912828VJ6,No,29000000000
2013-07-09,Note,3-Year,912828VL1,No,32000000000
2013-07-10,Note,9-Year 10-Month,912828VB3,Yes,21000000000
2013-07-11,Bond,29-Year 10-Month,912810RB6,Yes,13000000000
2013-07-23,Note,2-Year,912828VN7,No,35000000000
2013-07-24,Note,5-Year,912828VQ0,No,35000000000
2013-07-25,Note,7-Year,912828VP2,No,29000000000
2013-08-06,Note,3-Year,912828VR8,No,32000000000
2013-08-07,Note,10-Year,912828VS6,No,24000000000
2013-08-08,Bond,30-Year,912810RC4,No,16000000000
2013-08-27,Note,2-Year,912828VU1,No,34000000000
2013-08-28,Note,5-Year,912828RE2,Yes,35000000000
2013-08-29,Note,7-Year,912828VV9,No,29000000000
2013-09-10,Note,3-Year,912828VW7,No,31000000000
2013-09-11,Note,9-Year 11-Month,912828VS6,Yes,21000000000
2013-09-12,Bond,29-Year 11-Month,912810RC4,Yes,13000000000
2013-09-24,Note,2-Year,912828VY3,No,33000000000
2013-09-25,Note,5-Year,912828RH5,Yes,35000000000
2013-09-26,Note,7-Year,912828VZ0,No,29000000000
2013-10-08,Note,3-Year,912828WA4,No,30000000000
2013-10-09,Note,9-Year 10-Month,912828VS6,Yes,21000000000
2013-10-10,Bond,29-Year 10-Month,912810RC4,Yes,13000000000
2013-10-28,Note,2-Year,912828WB2,No,32000000000
2013-10-29,Note,5-Year,912828WD8,No,35000000000
2013-10-30,Note,7-Year,912828WC0,No,29000000000
2013-11-12,Note,3-Year,912828WF3,No,30000000000
2013-11-13,Note,10-Year,912828WE6,No,24000000000
2013-11-14,Bond,30-Year,912810RD2,No,16000000000
2013-11-25,Note,2-Year,912828A26,No,32000000000
2013-11-26,Note,5-Year,912828A34,No,35000000000
2013-11-27,Note,7-Year,912828A42,No,29000000000
2013-12-10,Note,3-Year,912828A59,No,30000000000
2013-12-11,Note,9-Year 11-Month,912828WE6,Yes,21000000000
2013-12-12,Bond,29-Year 11-Month,912810RD2,Yes,13000000000
2013-12-17,Note,2-Year,912828A67,No,32000000000
2013-12-18,Note,5-Year,912828A75,No,35000000000
2013-12-19,Note,7-Year,912828A83,No,29000000000
2014-01-07,Note,3-Year,912828A91,No,30000000000
2014-01-08,Note,9-Year 10-Month,912828WE6,Yes,21000000000
2014-01-09,Bond,29-Year 10-Month,912810RD2,Yes,13000000000
2014-01-28,Note,2-Year,912828B41,No,32000000000
2014-01-30,Note,5-Year,912828B33,No,35000000000
2014-01-30,Note,7-Year,912828B58,No,29000000000
2014-02-11,Note,3-Year,912828B74,No,30000000000
2014-02-12,Note,10-Year,912828B66,No,24000000000
2014-02-13,Bond,30-Year,912810RE0,No,16000000000
2014-02-25,Note,2-Year,912828B82,No,32000000000
2014-02-26,Note,5-Year,912828C24,No,35000000000
2014-02-27,Note,7-Year,912828B90,No,29000000000
2014-03-11,Note,3-Year,912828C32,No,30000000000
2014-03-12,Note,9-Year 11-Month,912828B66,Yes,21000000000
2014-03-13,Bond,29-Year 11-Month,912810RE0,Yes,13000000000
2014-03-25,Note,2-Year,912828C40,No,32000000000
2014-03-26,Note,5-Year,912828C65,No,35000000000
2014-03-27,Note,7-Year,912828C57,No,29000000000
2014-04-08,Note,3-Year,912828C73,No,30000000000
2014-04-09,Note,9-Year 10-Month,912828B66,Yes,21000000000
2014-04-10,Bond,29-Year 10-Month,912810RE0,Yes,13000000000
2014-04-22,Note,2-Year,912828C81,No,32000000000
2014-04-23,Note,5-Year,912828D23,No,35000000000
2014-04-24,Note,7-Year,912828WG1,No,29000000000
2014-05-06,Note,3-Year,912828WH9,No,29000000000
2014-05-07,Note,10-Year,912828WJ5,No,24000000000
2014-05-08,Bond,30-Year,912810RG5,No,16000000000
2014-05-27,Note,2-Year,912828WM8,No,31000000000
2014-05-28,Note,5-Year,912828WL0,No,35000000000
2014-05-29,Note,7-Year,912828WN6,No,29000000000
2014-06-10,Note,3-Year,912828WP1,No,28000000000
2014-06-11,Note,9-Year 11-Month,912828WJ5,Yes,21000000000
2014-06-12,Bond,29-Year 11-Month,912810RG5,Yes,13000000000
2014-06-24,Note,2-Year,912828WQ9,No,30000000000
2014-06-25,Note,5-Year,912828WS5,No,35000000000
2014-06-26,Note,7-Year,912828WR7,No,29000000000
2014-07-08,Note,3-Year,912828WT3,No,27000000000
2014-07-09,Note,9-Year 10-Month,912828WJ5,Yes,21000000000
2014-07-10,Bond,29-Year 10-Month,912810RG5,Yes,13000000000
2014-07-28,Note,2-Year,912828WX4,No,29000000000
2014-07-29,Note,5-Year,912828WW6,No,35000000000
2014-07-30,Note,7-Year,912828WY2,No,29000000000
2014-08-12,Note,3-Year,912828D49,No,27000000000
2014-08-13,Note,10-Year,912828D56,No,24000000000
2014-08-14,Bond,30-Year,912810RH3,No,16000000000
2014-08-26,Note,2-Year,912828D64,No,29000000000
2014-08-27,Note,5-Year,912828D80,No,35000000000
2014-08-28,Note,7-Year,912828D72,No,29000000000
2014-09-09,Note,3-Year,912828D98,No,27000000000
2014-09-10,Note,9-Year 11-Month,912828D56,Yes,21000000000
2014-09-11,Bond,29-Year 11-Month,912810RH3,Yes,13000000000
2014-09-23,Note,2-Year,912828F47,No,29000000000
2014-09-24,Note,5-Year,912828F39,No,35000000000
2014-09-25,Note,7-Year,912828F21,No,29000000000
2014-10-07,Note,3-Year,912828F54,No,27000000000
2014-10-08,Note,9-Year 10-Month,912828D56,Yes,21000000000
2014-10-09,Bond,29-Year 10-Month,912810RH3,Yes,13000000000
2014-10-28,Note,2-Year,912828F88,No,29000000000
2014-10-29,Note,5-Year,912828F62,No,35000000000
2014-10-30,Note,7-Year,912828F96,No,29000000000
2014-11-10,Note,3-Year,912828G20,No,26000000000
2014-11-12,Note,10-Year,912828G38,No,24000000000
2014-11-13,Bond,30-Year,912810RJ9,No,16000000000
2014-11-24,Note,2-Year,912828G46,No,28000000000
2014-11-25,Note,5-Year,912828G61,No,35000000000
2014-11-26,Note,7-Year,912828G53,No,29000000000
2014-12-09,Note,3-Year,912828G79,No,25000000000
2014-12-10,Note,9-Year 11-Month,912828G38,Yes,21000000000
2014-12-11,Bond,29-Year 11-Month,912810RJ9,Yes,13000000000
2014-12-22,Note,2-Year,912828H29,No,27000000000
2014-12-23,Note,5-Year,912828G95,No,35000000000
2014-12-24,Note,7-Year,912828G87,No,29000000000
2015-01-12,Note,3-Year,912828H37,No,24000000000
2015-01-13,Note,9-Year 10-Month,912828G38,Yes,21000000000
2015-01-14,Bond,29-Year 10-Month,912810RJ9,Yes,13000000000
2015-01-28,Note,2-Year,912828H78,No,26000000000
2015-01-29,Note,5-Year,912828H52,No,35000000000
2015-01-29,Note,7-Year,912828H86,No,29000000000
2015-02-10,Note,3-Year,912828H94,No,24000000000
2015-02-11,Note,10-Year,912828J27,No,24000000000
2015-02-12,Bond,30-Year,912810RK6,No,16000000000
2015-02-24,Note,2-Year,912828J35,No,26000000000
2015-02-25,Note,5-Year,912828J50,No,35000000000
2015-02-26,Note,7-Year,912828J43,No,29000000000
2015-03-10,Note,3-Year,912828J68,No,24000000000
2015-03-11,Note,9-Year 11-Month,912828J27,Yes,21000000000
2015-03-12,Bond,29-Year 11-Month,912810RK6,Yes,13000000000
2015-03-24,Note,2-Year,912828J92,No,26000000000
2015-03-25,Note,5-Year,912828J84,No,35000000000
2015-03-26,Note,7-Year,912828J76,No,29000000000
2015-04-07,Note,3-Year,912828K25,No,24000000000
2015-04-08,Note,9-Year 10-Month,912828J27,Yes,21000000000
2015-04-09,Bond,29-Year 10-Month,912810RK6,Yes,13000000000
2015-04-27,Note,2-Year,912828K66,No,26000000000
2015-04-28,Note,5-Year,912828K58,No,35000000000
2015-04-29,Note,7-Year,912828WZ9,No,29000000000
2015-05-12,Note,3-Year,912828XA3,No,24000000000
2015-05-13,Note,10-Year,912828XB1,No,24000000000
2015-05-14,Bond,30-Year,912810RM2,No,16000000000
2015-05-26,Note,2-Year,912828SY7,Yes,26000000000
2015-05-27,Note,5-Year,912828XE5,No,35000000000
2015-05-28,Note,7-Year,912828XD7,No,29000000000
2015-06-09,Note,3-Year,912828XF2,No,24000000000
2015-06-10,Note,9-Year 11-Month,912828XB1,Yes,21000000000
2015-06-11,Bond,29-Year 11-Month,912810RM2,Yes,13000000000
2015-06-23,Note,2-Year,912828XJ4,No,26000000000
2015-06-24,Note,5-Year,912828XH8,No,35000000000
2015-06-25,Note,7-Year,912828XG0,No,29000000000
2015-07-07,Note,3-Year,912828XK1,No,24000000000
2015-07-08,Note,9-Year 10-Month,912828XB1,Yes,21000000000
2015-07-09,Bond,29-Year 10-Month,912810RM2,Yes,13000000000
2015-07-28,Note,2-Year,912828XP0,No,26000000000
2015-07-29,Note,5-Year,912828XM7,No,35000000000
2015-07-30,Note,7-Year,912828XQ8,No,29000000000
2015-08-11,Note,3-Year,912828K82,No,24000000000
2015-08-12,Note,10-Year,912828K74,No,24000000000
2015-08-13,Bond,30-Year,912810RN0,No,16000000000
2015-08-25,Note,2-Year,912828TM2,Yes,26000000000
2015-08-26,Note,5-Year,912828L32,No,35000000000
2015-08-27,Note,7-Year,912828L24,No,29000000000
2015-09-08,Note,3-Year,912828L40,No,24000000000
2015-09-09,Note,9-Year 11-Month,912828K74,Yes,21000000000
2015-09-10,Bond,29-Year 11-Month,912810RN0,Yes,13000000000
2015-09-22,Note,2-Year,912828TS9,Yes,26000000000
2015-09-23,Note,5-Year,912828L65,No,35000000000
2015-09-24,Note,7-Year,912828L57,No,29000000000
2015-10-06,Note,3-Year,912828L81,No,24000000000
2015-10-07,Note,9-Year 10-Month,912828K74,Yes,21000000000
2015-10-08,Bond,29-Year 10-Month,912810RN0,Yes,13000000000
2015-10-28,Note,5-Year,912828L99,No,35000000000
2015-10-29,Note,7-Year,912828M49,No,29000000000
2015-11-04,Note,2-Year,912828TW0,Yes,26000000000
2015-11-09,Note,3-Year,912828M64,No,24000000000
2015-11-10,Note,10-Year,912828M56,No,24000000000
2015-11-12,Bond,30-Year,912810RP5,No,16000000000
2015-11-23,Note,2-Year,912828M72,No,26000000000
2015-11-24,Note,5-Year,912828M98,No,35000000000
2015-11-25,Note,7-Year,912828M80,No,29000000000
2015-12-08,Note,3-Year,912828N22,No,24000000000
2015-12-09,Note,9-Year 11-Month,912828M56,Yes,21000000000
2015-12-10,Bond,29-Year 11-Month,912810RP5,Yes,13000000000
2015-12-28,Note,2-Year,912828N55,No,26000000000
2015-12-29,Note,5-Year,912828N48,No,35000000000
2015-12-30,Note,7-Year,912828N30,No,29000000000
2016-01-12,Note,3-Year,912828N63,No,24000000000
2016-01-13,Note,9-Year 10-Month,912828M56,Yes,21000000000
2016-01-14,Bond,29-Year 10-Month,912810RP5,Yes,13000000000
2016-01-26,Note,2-Year,912828P20,No,26000000000
2016-01-27,Note,5-Year,912828N89,No,35000000000
2016-01-28,Note,7-Year,912828P38,No,29000000000
2016-02-09,Note,3-Year,912828P53,No,24000000000
2016-02-10,Note,10-Year,912828P46,No,23000000000
2016-02-11,Bond,30-Year,912810RQ3,No,15000000000
2016-02-23,Note,2-Year,912828UR9,Yes,26000000000
2016-02-24,Note,5-Year,912828P87,No,34000000000
2016-02-26,Note,7-Year,912828P79,No,28000000000
2016-03-08,Note,3-Year,912828P95,No,24000000000
2016-03-09,Note,9-Year 11-Month,912828P46,Yes,20000000000
2016-03-10,Bond,29-Year 11-Month,912810RQ3,Yes,12000000000
2016-03-28,Note,2-Year,912828Q45,No,26000000000
2016-03-29,Note,5-Year,912828Q37,No,34000000000
2016-03-30,Note,7-Year,912828Q29,No,28000000000
2016-04-12,Note,3-Year,912828Q52,No,24000000000
2016-04-13,Note,9-Year 10-Month,912828P46,Yes,20000000000
2016-04-14,Bond,29-Year 10-Month,912810RQ3,Yes,12000000000
2016-04-25,Note,2-Year,912828Q94,No,26000000000
2016-04-26,Note,5-Year,912828Q78,No,34000000000
2016-04-28,Note,7-Year,912828R28,No,28000000000
2016-05-10,Note,3-Year,912828R44,No,24000000000
2016-05-11,Note,10-Year,912828R36,No,23000000000
2016-05-12,Bond,30-Year,912810RS9,No,15000000000
2016-05-24,Note,2-Year,912828R51,No,26000000000
2016-05-25,Note,5-Year,912828R77,No,34000000000
2016-05-26,Note,7-Year,912828R69,No,28000000000
2016-06-07,Note,3-Year,912828R85,No,24000000000
2016-06-08,Note,9-Year 11-Month,912828R36,Yes,20000000000
2016-06-09,Bond,29-Year 11-Month,912810RS9,Yes,12000000000
2016-06-20,Note,2-Year,912828R93,No,26000000000
2016-06-21,Note,5-Year,912828S27,No,34000000000
2016-06-22,Note,7-Year,912828S35,No,28000000000
2016-07-11,Note,3-Year,912828S43,No,24000000000
2016-07-12,Note,9-Year 10-Month,912828R36,Yes,20000000000
2016-07-13,Bond,29-Year 10-Month,912810RS9,Yes,12000000000
2016-07-25,Note,2-Year,912828S68,No,26000000000
2016-07-26,Note,5-Year,912828S76,No,34000000000
2016-07-28,Note,7-Year,912828S92,No,28000000000
2016-08-09,Note,3-Year,9128282B5,No,24000000000
2016-08-10,Note,10-Year,9128282A7,No,23000000000
2016-08-11,Bond,30-Year,912810RT7,No,15000000000
2016-08-23,Note,2-Year,9128282C3,No,26000000000
2016-08-24,Note,5-Year,9128282F6,No,34000000000
2016-08-25,Note,7-Year,9128282D1,No,28000000000
2016-09-12,Note,3-Year,9128282G4,No,24000000000
2016-09-12,Note,9-Year 11-Month,9128282A7,Yes,20000000000
2016-09-13,Bond,29-Year 11-Month,912810RT7,Yes,12000000000
2016-09-26,Note,2-Year,912828T42,No,26000000000
2016-09-27,Note,5-Year,912828T34,No,34000000000
2016-09-28,Note,7-Year,912828T26,No,28000000000
2016-10-12,Note,3-Year,912828T59,No,24000000000
2016-10-12,Note,9-Year 10-Month,9128282A7,Yes,20000000000
2016-10-13,Bond,29-Year 10-Month,912810RT7,Yes,12000000000
2016-10-25,Note,2-Year,912828T83,No,26000000000
2016-10-26,Note,5-Year,912828T67,No,34000000000
2016-10-27,Note,7-Year,912828T91,No,28000000000
2016-11-08,Note,3-Year,912828U32,No,24000000000
2016-11-09,Note,10-Year,912828U24,No,23000000000
2016-11-10,Bond,30-Year,912810RU4,No,15000000000
2016-11-21,Note,2-Year,912828U40,No,26000000000
2016-11-22,Note,5-Year,912828U65,No,34000000000
2016-11-23,Note,7-Year,912828U57,No,28000000000
2016-12-12,Note,3-Year,912828U73,No,24000000000
2016-12-12,Note,9-Year 11-Month,912828U24,Yes,20000000000
2016-12-13,Bond,29-Year 11-Month,912810RU4,Yes,12000000000
2016-12-27,Note,2-Year,912828U99,No,26000000000
2016-12-28,Note,5-Year,912828U81,No,34000000000
2016-12-29,Note,7-Year,912828V23,No,28000000000
2017-01-10,Note,3-Year,912828V31,No,24000000000
2017-01-11,Note,9-Year 10-Month,912828U24,Yes,20000000000
2017-01-12,Bond,29-Year 10-Month,912810RU4,Yes,12000000000
2017-01-24,Note,2-Year,912828V56,No,26000000000
2017-01-25,Note,5-Year,912828V72,No,34000000000
2017-01-26,Note,7-Year,912828V80,No,28000000000
2017-02-07,Note,3-Year,912828W22,No,24000000000
2017-02-08,Note,10-Year,912828V98,No,23000000000
2017-02-09,Bond,30-Year,912810RV2,No,15000000000
2017-02-21,Note,2-Year,912828W30,No,26000000000
2017-02-22,Note,5-Year,912828W55,No,34000000000
2017-02-23,Note,7-Year,912828W48,No,28000000000
2017-03-07,Note,3-Year,912828W63,No,24000000000
2017-03-08,Note,9-Year 11-Month,912828V98,Yes,20000000000
2017-03-09,Bond,29-Year 11-Month,912810RV2,Yes,12000000000
2017-03-27,Note,2-Year,912828W97,No,26000000000
2017-03-28,Note,5-Year,912828W89,No,34000000000
2017-03-29,Note,7-Year,912828W71,No,28000000000
2017-04-10,Note,3-Year,912828X21,No,24000000000
2017-04-11,Note,9-Year 10-Month,912828V98,Yes,20000000000
2017-04-12,Bond,29-Year 10-Month,912810RV2,Yes,12000000000
2017-04-25,Note,2-Year,912828ST8,Yes,26000000000
2017-04-26,Note,5-Year,912828X47,No,34000000000
2017-04-27,Note,7-Year,912828X70,No,28000000000
2017-05-09,Note,3-Year,912828X96,No,24000000000
2017-05-10,Note,10-Year,912828X88,No,23000000000
2017-05-11,Bond,30-Year,912810RX8,No,15000000000
2017-05-23,Note,2-Year,912828XS4,No,26000000000
2017-05-24,Note,5-Year,912828XR6,No,34000000000
2017-05-25,Note,7-Year,912828XT2,No,28000000000
2017-06-12,Note,3-Year,912828XU9,No,24000000000
2017-06-12,Note,9-Year 11-Month,912828X88,Yes,20000000000
2017-06-13,Bond,29-Year 11-Month,912810RX8,Yes,12000000000
2017-06-26,Note,2-Year,912828XV7,No,26000000000
2017-06-27,Note,5-Year,912828XW5,No,34000000000
2017-06-28,Note,7-Year,912828XX3,No,28000000000
2017-07-11,Note,3-Year,9128282J8,No,24000000000
2017-07-12,Note,9-Year 10-Month,912828X88,Yes,20000000000
2017-07-13,Bond,29-Year 10-Month,912810RX8,Yes,12000000000
2017-07-25,Note,2-Year,9128282K5,No,26000000000
2017-07-26,Note,5-Year,9128282P4,No,34000000000
2017-07-27,Note,7-Year,9128282N9,No,28000000000
2017-08-08,Note,3-Year,9128282Q2,No,24000000000
2017-08-09,Note,10-Year,9128282R0,No,23000000000
2017-08-10,Bond,30-Year,912810RY6,No,15000000000
2017-08-28,Note,2-Year,9128282T6,No,26000000000
2017-08-28,Note,5-Year,9128282S8,No,34000000000
2017-08-29,Note,7-Year,9128282U3,No,28000000000
2017-09-11,Note,3-Year,9128282V1,No,24000000000
2017-09-12,Note,9-Year 11-Month,9128282R0,Yes,20000000000
2017-09-13,Bond,29-Year 11-Month,912810RY6,Yes,12000000000
2017-09-26,Note,2-Year,9128282X7,No,26000000000
2017-09-27,Note,5-Year,9128282W9,No,34000000000
2017-09-28,Note,7-Year,9128282Y5,No,28000000000
2017-10-11,Note,3-Year,9128282Z2,No,24000000000
2017-10-11,Note,9-Year 10-Month,9128282R0,Yes,20000000000
2017-10-12,Bond,29-Year 10-Month,912810RY6,Yes,12000000000
2017-10-24,Note,2-Year,912828F62,Yes,26000000000
2017-10-25,Note,5-Year,9128283C2,No,34000000000
2017-10-26,Note,7-Year,9128283D0,No,28000000000
2017-11-07,Note,3-Year,9128283G3,No,24000000000
2017-11-08,Note,10-Year,9128283F5,No,23000000000
2017-11-09,Bond,30-Year,912810RZ3,No,15000000000
2017-11-27,Note,2-Year,9128283H1,No,26000000000
2017-11-27,Note,5-Year,912828M80,Yes,34000000000
2017-11-28,Note,7-Year,9128283J7,No,28000000000
2017-12-11,Note,3-Year,9128283L2,No,24000000000
2017-12-11,Note,9-Year 11-Month,9128283F5,Yes,20000000000
2017-12-12,Bond,29-Year 11-Month,912810RZ3,Yes,12000000000
2017-12-26,Note,2-Year,9128283N8,No,26000000000
2017-12-27,Note,5-Year,912828N30,Yes,34000000000
2017-12-28,Note,7-Year,9128283P3,No,28000000000
2018-01-09,Note,3-Year,9128283Q1,No,24000000000
2018-01-10,Note,9-Year 10-Month,9128283F5,Yes,20000000000
2018-01-11,Bond,29-Year 10-Month,912810RZ3,Yes,12000000000
2018-01-23,Note,2-Year,9128283S7,No,26000000000
2018-01-24,Note,5-Year,9128283U2,No,34000000000
2018-01-25,Note,7-Year,9128283V0,No,28000000000
2018-02-06,Note,3-Year,9128283X6,No,26000000000
2018-02-07,Note,10-Year,9128283W8,No,24000000000
2018-02-08,Bond,30-Year,912810SA7,No,16000000000
2018-02-20,Note,2-Year,9128283Y4,No,28000000000
2018-02-21,Note,5-Year,9128284A5,No,35000000000
2018-02-22,Note,7-Year,9128283Z1,No,29000000000
2018-03-12,Note,3-Year,9128284B3,No,28000000000
2018-03-12,Note,9-Year 11-Month,9128283W8,Yes,21000000000
2018-03-13,Bond,29-Year 11-Month,912810SA7,Yes,13000000000
2018-03-26,Note,2-Year,9128284C1,No,30000000000
2018-03-27,Note,5-Year,9128284D9,No,35000000000
2018-03-28,Note,7-Year,9128284F4,No,29000000000
2018-04-10,Note,3-Year,9128284G2,No,30000000000
2018-04-11,Note,9-Year 10-Month,9128283W8,Yes,21000000000
2018-04-12,Bond,29-Year 10-Month,912810SA7,Yes,13000000000
2018-04-24,Note,2-Year,9128284J6,No,32000000000
2018-04-25,Note,5-Year,9128284L1,No,35000000000
2018-04-26,Note,7-Year,9128284M9,No,29000000000
2018-05-08,Note,3-Year,9128284P2,No,31000000000
2018-05-09,Note,10-Year,9128284N7,No,25000000000
2018-05-10,Bond,30-Year,912810SC3,No,17000000000
2018-05-22,Note,2-Year,9128284Q0,No,33000000000
2018-05-23,Note,5-Year,9128284S6,No,36000000000
2018-05-24,Note,7-Year,9128284R8,No,30000000000
2018-06-11,Note,3-Year,9128284T4,No,32000000000
2018-06-11,Note,9-Year 11-Month,9128284N7,Yes,22000000000
2018-06-12,Bond,29-Year 11-Month,912810SC3,Yes,14000000000
2018-06-26,Note,2-Year,912828XY1,No,34000000000
2018-06-27,Note,5-Year,9128284U1,No,36000000000
2018-06-28,Note,7-Year,912828XZ8,No,30000000000
2018-07-10,Note,3-Year,912828Y20,No,33000000000
2018-07-11,Note,9-Year 10-Month,9128284N7,Yes,22000000000
2018-07-12,Bond,29-Year 10-Month,912810SC3,Yes,14000000000
2018-07-24,Note,2-Year,912828Y46,No,35000000000
2018-07-25,Note,5-Year,912828Y61,No,36000000000
2018-07-26,Note,7-Year,912828Y79,No,30000000000
2018-08-07,Note,3-Year,9128284W7,No,34000000000
2018-08-08,Note,10-Year,9128284V9,No,26000000000
2018-08-09,Bond,30-Year,912810SD1,No,18000000000
2018-08-27,Note,2-Year,9128284Y3,No,36000000000
2018-08-28,Note,5-Year,9128284X5,No,37000000000
2018-08-29,Note,7-Year,9128284Z0,No,31000000000
2018-09-11,Note,3-Year,9128285A4,No,35000000000
2018-09-12,Note,9-Year 11-Month,9128284V9,Yes,23000000000
2018-09-13,Bond,29-Year 11-Month,912810SD1,Yes,15000000000
2018-09-24,Note,2-Year,9128285B2,No,37000000000
2018-09-25,Note,5-Year,9128285D8,No,38000000000
2018-09-27,Note,7-Year,9128285C0,No,31000000000
2018-10-10,Note,3-Year,9128285F3,No,36000000000
2018-10-10,Note,9-Year 10-Month,9128284V9,Yes,23000000000
2018-10-11,Bond,29-Year 10-Month,912810SD1,Yes,15000000000
2018-10-23,Note,2-Year,9128285G1,No,38000000000
2018-10-24,Note,5-Year,9128285K2,No,39000000000
2018-10-25,Note,7-Year,9128285J5,No,31000000000
2018-11-05,Note,3-Year,9128285L0,No,37000000000
2018-11-06,Note,10-Year,9128285M8,No,27000000000
2018-11-07,Bond,30-Year,912810SE9,No,19000000000
2018-11-26,Note,2-Year,9128285Q9,No,39000000000
2018-11-27,Note,5-Year,9128285P1,No,40000000000
2018-11-28,Note,7-Year,9128285N6,No,32000000000
2018-12-11,Note,3-Year,9128285R7,No,38000000000
2018-12-12,Note,9-Year 11-Month,9128285M8,Yes,24000000000
2018-12-13,Bond,29-Year 11-Month,912810SE9,Yes,16000000000
2018-12-24,Note,2-Year,9128285S5,No,40000000000
2018-12-26,Note,5-Year,9128285U0,No,41000000000
2018-12-27,Note,7-Year,9128285T3,No,32000000000
2019-01-08,Note,3-Year,9128285V8,No,38000000000
2019-01-09,Note,9-Year 10-Month,9128285M8,Yes,24000000000
2019-01-10,Bond,29-Year 10-Month,912810SE9,Yes,16000000000
2019-01-28,Note,2-Year,9128285X4,No,40000000000
2019-01-28,Note,5-Year,9128285Z9,No,41000000000
2019-01-29,Note,7-Year,9128286A3,No,32000000000
2019-02-05,Note,3-Year,9128286C9,No,38000000000
2019-02-06,Note,10-Year,9128286B1,No,27000000000
2019-02-07,Bond,30-Year,912810SF6,No,19000000000
2019-02-25,Note,2-Year,9128286D7,No,40000000000
2019-02-25,Note,5-Year,9128286G0,No,41000000000
2019-02-26,Note,7-Year,9128286F2,No,32000000000
2019-03-11,Note,3-Year,9128286H8,No,38000000000
2019-03-12,Note,9-Year 11-Month,9128286B1,Yes,24000000000
2019-03-13,Bond,29-Year 11-Month,912810SF6,Yes,16000000000
2019-03-26,Note,2-Year,912828C57,Yes,40000000000
2019-03-27,Note,5-Year,912828W71,Yes,41000000000
2019-03-28,Note,7-Year,9128286L9,No,32000000000
2019-04-09,Note,3-Year,9128286M7,No,38000000000
2019-04-10,Note,9-Year 10-Month,9128286B1,Yes,24000000000
2019-04-11,Bond,29-Year 10-Month,912810SF6,Yes,16000000000
2019-04-23,Note,2-Year,912828WG1,Yes,40000000000
2019-04-24,Note,5-Year,9128286R6,No,41000000000
2019-04-25,Note,7-Year,9128286S4,No,32000000000
2019-05-07,Note,3-Year,9128286U9,No,38000000000
2019-05-08,Note,10-Year,9128286T2,No,27000000000
2019-05-09,Bond,30-Year,912810SH2,No,19000000000
2019-05-28,Note,2-Year,9128286V7,No,40000000000
2019-05-28,Note,5-Year,912828XT2,Yes,41000000000
2019-05-29,Note,7-Year,9128286X3,No,32000000000
2019-06-11,Note,3-Year,9128286Y1,No,38000000000
2019-06-12,Note,9-Year 11-Month,9128286T2,Yes,24000000000
2019-06-13,Bond,29-Year 11-Month,912810SH2,Yes,16000000000
2019-06-21,Note,9-Year 11-Month,9128286T2,Yes,25000000
2019-06-25,Note,2-Year,9128287A2,No,40000000000
2019-06-26,Note,5-Year,9128286Z8,No,41000000000
2019-06-27,Note,7-Year,9128287B0,No,32000000000
2019-07-09,Note,3-Year,9128287C8,No,38000000000
2019-07-10,Note,9-Year 10-Month,9128286T2,Yes,24000000000
2019-07-11,Bond,29-Year 10-Month,912810SH2,Yes,16000000000
2019-07-23,Note,2-Year,9128287F1,No,40000000000
2019-07-24,Note,5-Year,912828Y87,No,41000000000
2019-07-25,Note,7-Year,912828Y95,No,32000000000
2019-08-06,Note,3-Year,912828YA2,No,38000000000
2019-08-07,Note,10-Year,912828YB0,No,27000000000
2019-08-08,Bond,30-Year,912810SJ8,No,19000000000
2019-08-27,Note,2-Year,912828YC8,No,40000000000
2019-08-28,Note,5-Year,912828YE4,No,41000000000
2019-08-29,Note,7-Year,912828YD6,No,32000000000
2019-09-10,Note,3-Year,912828YF1,No,38000000000
2019-09-11,Note,9-Year 11-Month,912828YB0,Yes,24000000000
2019-09-12,Bond,29-Year 11-Month,912810SJ8,Yes,16000000000
2019-09-24,Note,2-Year,912828YJ3,No,40000000000
2019-09-25,Note,5-Year,912828YH7,No,41000000000
2019-09-26,Note,7-Year,912828YG9,No,32000000000
2019-10-08,Note,3-Year,912828YK0,No,38000000000
2019-10-09,Note,9-Year 10-Month,912828YB0,Yes,24000000000
2019-10-10,Bond,29-Year 10-Month,912810SJ8,Yes,16000000000
2019-10-22,Note,2-Year,912828YP9,No,40000000000
2019-10-23,Note,5-Year,912828YM6,No,41000000000
2019-10-24,Note,7-Year,912828YQ7,No,32000000000
2019-11-05,Note,3-Year,912828TY6,Yes,38000000000
2019-11-06,Note,10-Year,912828YS3,No,27000000000
2019-11-07,Bond,30-Year,912810SK5,No,19000000000
2019-11-25,Note,2-Year,912828YT1,No,40000000000
2019-11-26,Note,5-Year,912828YV6,No,41000000000
2019-11-27,Note,7-Year,912828YU8,No,32000000000
2019-12-09,Note,3-Year,912828YW4,No,38000000000
2019-12-10,Note,9-Year 11-Month,912828YS3,Yes,24000000000
2019-12-12,Bond,29-Year 11-Month,912810SK5,Yes,16000000000
2019-12-23,Note,2-Year,912828YZ7,No,40000000000
2019-12-24,Note,5-Year,912828YY0,No,41000000000
2019-12-26,Note,7-Year,912828YX2,No,32000000000
2020-01-07,Note,3-Year,912828Z29,No,38000000000
2020-01-08,Note,9-Year 10-Month,912828YS3,Yes,24000000000
2020-01-09,Bond,29-Year 10-Month,912810SK5,Yes,16000000000
2020-01-27,Note,2-Year,912828Z60,No,40000000000
2020-01-27,Note,5-Year,912828Z52,No,41000000000
2020-01-28,Note,7-Year,912828Z78,No,32000000000
2020-02-11,Note,3-Year,912828Z86,No,38000000000
2020-02-12,Note,10-Year,912828Z94,No,27000000000
2020-02-13,Bond,30-Year,912810SL3,No,19000000000
2020-02-25,Note,2-Year,912828ZA1,No,40000000000
2020-02-26,Note,5-Year,912828ZC7,No,41000000000
2020-02-27,Note,7-Year,912828ZB9,No,32000000000
2020-03-10,Note,3-Year,912828ZD5,No,38000000000
2020-03-11,Note,9-Year 11-Month,912828Z94,Yes,24000000000
2020-03-12,Bond,29-Year 11-Month,912810SL3,Yes,16000000000
2020-03-24,Note,2-Year,912828ZG8,No,40000000000
2020-03-25,Note,5-Year,912828ZF0,No,41000000000
2020-03-26,Note,7-Year,912828ZE3,No,32000000000
2020-04-06,Note,3-Year,912828ZH6,No,40000000000
2020-04-07,Note,9-Year 10-Month,912828Z94,Yes,25000000000
2020-04-08,Bond,29-Year 10-Month,912810SL3,Yes,17000000000
2020-04-27,Note,2-Year,912828ZM5,No,42000000000
2020-04-27,Note,5-Year,912828ZL7,No,43000000000
2020-04-28,Note,7-Year,912828ZN3,No,35000000000
2020-05-11,Note,3-Year,912828ZP8,No,42000000000
2020-05-12,Note,10-Year,912828ZQ6,No,32000000000
2020-05-13,Bond,30-Year,912810SN9,No,22000000000
2020-05-20,Bond,20-Year,912810SR0,No,20000000000
2020-05-26,Note,2-Year,912828ZR4,No,44000000000
2020-05-27,Note,5-Year,912828ZT0,No,45000000000
2020-05-28,Note,7-Year,912828ZS2,No,38000000000
2020-06-08,Note,3-Year,912828ZU7,No,44000000000
2020-06-09,Note,9-Year 11-Month,912828ZQ6,Yes,29000000000
2020-06-11,Bond,29-Year 11-Month,912810SN9,Yes,19000000000
2020-06-17,Bond,19-Year 11-Month,912810SR0,Yes,17000000000
2020-06-23,Note,2-Year,912828ZX1,No,46000000000
2020-06-24,Note,5-Year,912828ZW3,No,47000000000
2020-06-25,Note,7-Year,912828ZV5,No,41000000000
2020-07-07,Note,3-Year,912828ZY9,No,46000000000
2020-07-08,Note,9-Year 10-Month,912828ZQ6,Yes,29000000000
2020-07-09,Bond,29-Year 10-Month,912810SN9,Yes,19000000000
2020-07-22,Bond,19-Year 10-Month,912810SR0,Yes,17000000000
2020-07-27,Note,2-Year,91282CAC5,No,48000000000
2020-07-27,Note,5-Year,91282CAB7,No,49000000000
2020-07-28,Note,7-Year,91282CAD3,No,44000000000
2020-08-11,Note,3-Year,91282CAF8,No,48000000000
2020-08-12,Note,10-Year,91282CAE1,No,38000000000
2020-08-13,Bond,30-Year,912810SP4,No,26000000000
2020-08-19,Bond,20-Year,912810SQ2,No,25000000000
2020-08-25,Note,2-Year,91282CAG6,No,50000000000
2020-08-26,Note,5-Year,91282CAJ0,No,51000000000
2020-08-27,Note,7-Year,91282CAH4,No,47000000000
2020-09-08,Note,3-Year,91282CAK7,No,50000000000
2020-09-09,Note,9-Year 11-Month,91282CAE1,Yes,35000000000
2020-09-10,Bond,29-Year 11-Month,912810SP4,Yes,23000000000
2020-09-15,Bond,19-Year 11-Month,912810SQ2,Yes,22000000000
2020-09-22,Note,2-Year,91282CAN1,No,52000000000
2020-09-23,Note,5-Year,91282CAM3,No,53000000000
2020-09-24,Note,7-Year,91282CAL5,No,50000000000
2020-10-06,Note,3-Year,91282CAP6,No,52000000000
2020-10-07,Note,9-Year 10-Month,91282CAE1,Yes,35000000000
2020-10-08,Bond,29-Year 10-Month,912810SP4,Yes,23000000000
2020-10-21,Bond,19-Year 10-Month,912810SQ2,Yes,22000000000
2020-10-27,Note,2-Year,91282CAR2,No,54000000000
2020-10-28,Note,5-Year,91282CAT8,No,55000000000
2020-10-29,Note,7-Year,91282CAU5,No,53000000000
2020-11-09,Note,3-Year,91282CAW1,No,54000000000
2020-11-10,Note,10-Year,91282CAV3,No,41000000000
2020-11-12,Bond,30-Year,912810SS8,No,27000000000
2020-11-18,Bond,20-Year,912810ST6,No,27000000000
2020-11-23,Note,2-Year,91282CAX9,No,56000000000
2020-11-23,Note,5-Year,91282CAZ4,No,57000000000
2020-11-24,Note,7-Year,91282CAY7,No,56000000000
2020-12-08,Note,3-Year,91282CBA8,No,56000000000
2020-12-09,Note,9-Year 11-Month,91282CAV3,Yes,38000000000
2020-12-10,Bond,29-Year 11-Month,912810SS8,Yes,24000000000
2020-12-21,Bond,19-Year 11-Month,912810ST6,Yes,24000000000
2020-12-28,Note,2-Year,91282CBD2,No,58000000000
2020-12-28,Note,5-Year,91282CBC4,No,59000000000
2020-12-29,Note,7-Year,91282CBB6,No,59000000000
2021-01-11,Note,3-Year,91282CBE0,No,58000000000
2021-01-12,Note,9-Year 10-Month,91282CAV3,Yes,38000000000
2021-01-13,Bond,29-Year 10-Month,912810SS8,Yes,24000000000
2021-01-20,Bond,19-Year 10-Month,912810ST6,Yes,24000000000
2021-01-25,Note,2-Year,91282CBG5,No,60000000000
2021-01-26,Note,5-Year,91282CBH3,No,61000000000
2021-01-28,Note,7-Year,91282CBJ9,No,62000000000
2021-02-09,Note,3-Year,91282CBM2,No,58000000000
2021-02-10,Note,10-Year,91282CBL4,No,41000000000
2021-02-11,Bond,30-Year,912810SU3,No,27000000000
2021-02-17,Bond,20-Year,912810SW9,No,27000000000
2021-02-23,Note,2-Year,91282CBN0,No,60000000000
2021-02-24,Note,5-Year,91282CBQ3,No,61000000000
2021-02-25,Note,7-Year,91282CBP5,No,62000000000
2021-03-09,Note,3-Year,91282CBR1,No,58000000000
2021-03-10,Note,9-Year 11-Month,91282CBL4,Yes,38000000000
2021-03-11,Bond,29-Year 11-Month,912810SU3,Yes,24000000000
2021-03-16,Bond,19-Year 11-Month,912810SW9,Yes,24000000000
2021-03-23,Note,2-Year,91282CBU4,No,60000000000
2021-03-24,Note,5-Year,91282CBT7,No,61000000000
2021-03-25,Note,7-Year,91282CBS9,No,62000000000
2021-04-12,Note,3-Year,91282CBV2,No,58000000000
2021-04-12,Note,9-Year 10-Month,91282CBL4,Yes,38000000000
2021-04-13,Bond,29-Year 10-Month,912810SU3,Yes,24000000000
2021-04-21,Bond,19-Year 10-Month,912810SW9,Yes,24000000000
2021-04-26,Note,2-Year,91282CBX8,No,60000000000
2021-04-26,Note,5-Year,91282CBW0,No,61000000000
2021-04-27,Note,7-Year,91282CBZ3,No,62000000000
2021-05-11,Note,3-Year,91282CCC3,No,58000000000
2021-05-12,Note,10-Year,91282CCB5,No,41000000000
2021-05-13,Bond,30-Year,912810SX7,No,27000000000
2021-05-19,Bond,20-Year,912810SY5,No,27000000000
2021-05-25,Note,2-Year,91282CCD1,No,60000000000
2021-05-26,Note,5-Year,91282CCF6,No,61000000000
2021-05-27,Note,7-Year,91282CCE9,No,62000000000
2021-06-08,Note,3-Year,91282CCG4,No,58000000000
2021-06-09,Note,9-Year 11-Month,91282CCB5,Yes,38000000000
2021-06-10,Bond,29-Year 11-Month,912810SX7,Yes,24000000000
2021-06-15,Bond,19-Year 11-Month,912810SY5,Yes,24000000000
2021-06-22,Note,2-Year,91282CCK5,No,60000000000
2021-06-23,Note,5-Year,91282CCJ8,No,61000000000
2021-06-24,Note,7-Year,91282CCH2,No,62000000000
2021-07-12,Note,3-Year,91282CCL3,No,58000000000
2021-07-12,Note,9-Year 10-Month,91282CCB5,Yes,38000000000
2021-07-13,Bond,29-Year 10-Month,912810SX7,Yes,24000000000
2021-07-21,Bond,19-Year 10-Month,912810SY5,Yes,24000000000
2021-07-26,Note,2-Year,91282CCN9,No,60000000000
2021-07-27,Note,5-Year,91282CCP4,No,61000000000
2021-07-29,Note,7-Year,91282CCR0,No,62000000000
2021-08-10,Note,3-Year,91282CCT6,No,58000000000
2021-08-11,Note,10-Year,91282CCS8,No,41000000000
2021-08-12,Bond,30-Year,912810SZ2,No,27000000000
2021-08-18,Bond,20-Year,912810TA6,No,27000000000
2021-08-24,Note,2-Year,91282CCU3,No,60000000000
2021-08-25,Note,5-Year,91282CCW9,No,61000000000
2021-08-26,Note,7-Year,91282CCV1,No,62000000000
2021-09-07,Note,3-Year,91282CCX7,No,58000000000
2021-09-08,Note,9-Year 11-Month,91282CCS8,Yes,38000000000
2021-09-09,Bond,29-Year 11-Month,912810SZ2,Yes,24000000000
2021-09-21,Bond,19-Year 11-Month,912810TA6,Yes,24000000000
2021-09-27,Note,2-Year,91282CDA6,No,60000000000
2021-09-27,Note,5-Year,91282CCZ2,No,61000000000
2021-09-28,Note,7-Year,91282CCY5,No,62000000000
2021-10-12,Note,3-Year,91282CDB4,No,58000000000
2021-10-12,Note,9-Year 10-Month,91282CCS8,Yes,38000000000
2021-10-13,Bond,29-Year 10-Month,912810SZ2,Yes,24000000000
2021-10-20,Bond,19-Year 10-Month,912810TA6,Yes,24000000000
2021-10-26,Note,2-Year,91282CDD0,No,60000000000
2021-10-27,Note,5-Year,91282CDG3,No,61000000000
2021-10-28,Note,7-Year,91282CDF5,No,62000000000
2021-11-08,Note,3-Year,91282CDH1,No,56000000000
2021-11-09,Note,10-Year,91282CDJ7,No,39000000000
2021-11-10,Bond,30-Year,912810TB4,No,25000000000
2021-11-17,Bond,20-Year,912810TC2,No,23000000000
2021-11-22,Note,2-Year,91282CDM0,No,58000000000
2021-11-22,Note,5-Year,91282CDK4,No,59000000000
2021-11-23,Note,7-Year,91282CDL2,No,59000000000
2021-12-02,Bond,19-Year 11-Month,912810TC2,Yes,25000000
2021-12-07,Note,3-Year,91282CDN8,No,54000000000
2021-12-08,Note,9-Year 11-Month,91282CDJ7,Yes,36000000000
2021-12-09,Bond,29-Year 11-Month,912810TB4,Yes,22000000000
2021-12-21,Bond,19-Year 11-Month,912810TC2,Yes,20000000000
2021-12-27,Note,2-Year,91282CDR9,No,56000000000
2021-12-28,Note,5-Year,91282CDQ1,No,57000000000
2021-12-29,Note,7-Year,91282CDP3,No,56000000000
2022-01-11,Note,3-Year,91282CDS7,No,52000000000
2022-01-12,Note,9-Year 10-Month,91282CDJ7,Yes,36000000000
2022-01-13,Bond,29-Year 10-Month,912810TB4,Yes,22000000000
2022-01-19,Bond,19-Year 10-Month,912810TC2,Yes,20000000000
2022-01-24,Note,2-Year,91282CDV0,No,54000000000
2022-01-25,Note,5-Year,912828Z78,Yes,55000000000
2022-01-27,Note,7-Year,91282CDW8,No,53000000000
2022-02-08,Note,3-Year,91282CDZ1,No,50000000000
2022-02-09,Note,10-Year,91282CDY4,No,37000000000
2022-02-10,Bond,30-Year,912810TD0,No,23000000000
2022-02-16,Bond,20-Year,912810TF5,No,19000000000
2022-02-22,Note,2-Year,91282CEA5,No,52000000000
2022-02-23,Note,5-Year,91282CEC1,No,53000000000
2022-02-24,Note,7-Year,91282CEB3,No,50000000000
2022-03-08,Note,3-Year,91282CED9,No,48000000000
2022-03-09,Note,9-Year 11-Month,91282CDY4,Yes,34000000000
2022-03-10,Bond,29-Year 11-Month,912810TD0,Yes,20000000000
2022-03-23,Bond,19-Year 11-Month,912810TF5,Yes,16000000000
2022-03-28,Note,2-Year,91282CEG2,No,50000000000
2022-03-28,Note,5-Year,91282CEF4,No,51000000000
2022-03-29,Note,7-Year,91282CEE7,No,47000000000
2022-04-11,Note,3-Year,91282CEH0,No,46000000000
2022-04-12,Note,9-Year 10-Month,91282CDY4,Yes,34000000000
2022-04-13,Bond,29-Year 10-Month,912810TD0,Yes,20000000000
2022-04-20,Bond,19-Year 10-Month,912810TF5,Yes,16000000000
2022-04-26,Note,2-Year,91282CEK3,No,48000000000
2022-04-27,Note,5-Year,91282CEN7,No,49000000000
2022-04-28,Note,7-Year,91282CEM9,No,44000000000
2022-05-10,Note,3-Year,91282CEQ0,No,45000000000
2022-05-11,Note,10-Year,91282CEP2,No,36000000000
2022-05-12,Bond,30-Year,912810TG3,No,22000000000
2022-05-18,Bond,20-Year,912810TH1,No,17000000000
2022-05-24,Note,2-Year,91282CER8,No,47000000000
2022-05-25,Note,5-Year,91282CET4,No,48000000000
2022-05-26,Note,7-Year,91282CES6,No,42000000000
2022-06-07,Note,3-Year,91282CEU1,No,44000000000
2022-06-08,Note,9-Year 11-Month,91282CEP2,Yes,33000000000
2022-06-09,Bond,29-Year 11-Month,912810TG3,Yes,19000000000
2022-06-22,Bond,19-Year 11-Month,912810TH1,Yes,14000000000
2022-06-27,Note,2-Year,91282CEX5,No,46000000000
2022-06-27,Note,5-Year,91282CEW7,No,47000000000
2022-06-28,Note,7-Year,91282CEV9,No,40000000000
2022-07-11,Note,3-Year,91282CEY3,No,43000000000
2022-07-12,Note,9-Year 10-Month,91282CEP2,Yes,33000000000
2022-07-13,Bond,29-Year 10-Month,912810TG3,Yes,19000000000
2022-07-20,Bond,19-Year 10-Month,912810TH1,Yes,14000000000
2022-07-25,Note,2-Year,91282CFA4,No,45000000000
2022-07-26,Note,5-Year,91282CFB2,No,46000000000
2022-07-28,Note,7-Year,91282CFC0,No,38000000000
2022-08-09,Note,3-Year,91282CFE6,No,42000000000
2022-08-10,Note,10-Year,91282CFF3,No,35000000000
2022-08-11,Bond,30-Year,912810TJ7,No,21000000000
2022-08-17,Bond,20-Year,912810TK4,No,15000000000
2022-08-23,Note,2-Year,91282CFG1,No,44000000000
2022-08-24,Note,5-Year,91282CFH9,No,45000000000
2022-08-25,Note,7-Year,91282CFJ5,No,37000000000
2022-09-12,Note,3-Year,91282CFK2,No,41000000000
2022-09-12,Note,9-Year 11-Month,91282CFF3,Yes,32000000000
2022-09-13,Bond,29-Year 11-Month,912810TJ7,Yes,18000000000
2022-09-20,Bond,19-Year 11-Month,912810TK4,Yes,12000000000
2022-09-26,Note,2-Year,91282CFN6,No,43000000000
2022-09-27,Note,5-Year,91282CFM8,No,44000000000
2022-09-28,Note,7-Year,91282CFL0,No,36000000000
2022-10-11,Note,3-Year,91282CFP1,No,40000000000
2022-10-12,Note,9-Year 10-Month,91282CFF3,Yes,32000000000
2022-10-13,Bond,29-Year 10-Month,912810TJ7,Yes,18000000000
2022-10-19,Bond,19-Year 10-Month,912810TK4,Yes,12000000000
2022-10-25,Note,2-Year,91282CFQ9,No,42000000000
2022-10-26,Note,5-Year,91282CFU0,No,43000000000
2022-10-27,Note,7-Year,91282CFT3,No,35000000000
2022-11-08,Note,3-Year,91282CFW6,No,40000000000
2022-11-09,Note,10-Year,91282CFV8,No,35000000000
2022-11-10,Bond,30-Year,912810TL2,No,21000000000
2022-11-16,Bond,20-Year,912810TM0,No,15000000000
2022-11-21,Note,2-Year,91282CFX4,No,42000000000
2022-11-21,Note,5-Year,91282CFZ9,No,43000000000
2022-11-22,Note,7-Year,91282CFY2,No,35000000000
2022-12-12,Note,3-Year,91282CGA3,No,40000000000
2022-12-12,Note,9-Year 11-Month,91282CFV8,Yes,32000000000
2022-12-13,Bond,29-Year 11-Month,912810TL2,Yes,18000000000
2022-12-21,Bond,19-Year 11-Month,912810TM0,Yes,12000000000
2022-12-27,Note,2-Year,91282CGD7,No,42000000000
2022-12-28,Note,5-Year,91282CGC9,No,43000000000
2022-12-29,Note,7-Year,91282CGB1,No,35000000000
2023-01-10,Note,3-Year,91282CGE5,No,40000000000
2023-01-11,Note,9-Year 10-Month,91282CFV8,Yes,32000000000
2023-01-12,Bond,29-Year 10-Month,912810TL2,Yes,18000000000
2023-01-18,Bond,19-Year 10-Month,912810TM0,Yes,12000000000
2023-01-24,Note,2-Year,91282CGG0,No,42000000000
2023-01-25,Note,5-Year,91282CGH8,No,43000000000
2023-01-26,Note,7-Year,91282CGJ4,No,35000000000
2023-02-07,Note,3-Year,91282CGL9,No,40000000000
2023-02-08,Note,10-Year,91282CGM7,No,35000000000
2023-02-09,Bond,30-Year,912810TN8,No,21000000000
2023-02-15,Bond,20-Year,912810TQ1,No,15000000000
2023-02-21,Note,2-Year,91282CGN5,No,42000000000
2023-02-22,Note,5-Year,91282CGP0,No,43000000000
2023-02-23,Note,7-Year,91282CGQ8,No,35000000000
2023-03-07,Note,3-Year,91282CGR6,No,40000000000
2023-03-08,Note,9-Year 11-Month,91282CGM7,Yes,32000000000
2023-03-09,Bond,29-Year 11-Month,912810TN8,Yes,18000000000
2023-03-21,Bond,19-Year 11-Month,912810TQ1,Yes,12000000000
2023-03-27,Note,2-Year,91282CGU9,No,42000000000
2023-03-28,Note,5-Year,91282CGT2,No,43000000000
2023-03-29,Note,7-Year,91282CGS4,No,35000000000
2023-04-11,Note,3-Year,91282CGV7,No,40000000000
2023-04-12,Note,9-Year 10-Month,91282CGM7,Yes,32000000000
2023-04-13,Bond,29-Year 10-Month,912810TN8,Yes,18000000000
2023-04-19,Bond,19-Year 10-Month,912810TQ1,Yes,12000000000
2023-04-25,Note,2-Year,91282CGX3,No,42000000000
2023-04-26,Note,5-Year,91282CHA2,No,43000000000
2023-04-27,Note,7-Year,91282CGZ8,No,35000000000
2023-05-09,Note,3-Year,91282CHB0,No,40000000000
2023-05-10,Note,10-Year,91282CHC8,No,35000000000
2023-05-11,Bond,30-Year,912810TR9,No,21000000000
2023-05-17,Bond,20-Year,912810TS7,No,15000000000
2023-05-23,Note,2-Year,91282CHD6,No,42000000000
2023-05-24,Note,5-Year,91282CHE4,No,43000000000
2023-05-25,Note,7-Year,91282CHF1,No,35000000000
2023-06-12,Note,3-Year,91282CHH7,No,40000000000
2023-06-12,Note,9-Year 11-Month,91282CHC8,Yes,32000000000
2023-06-13,Bond,29-Year 11-Month,912810TR9,Yes,18000000000
2023-06-21,Bond,19-Year 11-Month,912810TS7,Yes,12000000000
2023-06-26,Note,2-Year,91282CHL8,No,42000000000
2023-06-27,Note,5-Year,91282CHK0,No,43000000000
2023-06-28,Note,7-Year,91282CHJ3,No,35000000000
2023-07-11,Note,3-Year,91282CHM6,No,40000000000
2023-07-12,Note,9-Year 10-Month,91282CHC8,Yes,32000000000
2023-07-13,Bond,29-Year 10-Month,912810TR9,Yes,18000000000
2023-07-19,Bond,19-Year 10-Month,912810TS7,Yes,12000000000
2023-07-24,Note,2-Year,91282CHN4,No,42000000000
2023-07-25,Note,5-Year,91282CHQ7,No,43000000000
2023-07-27,Note,7-Year,91282CHR5,No,35000000000
2023-08-08,Note,3-Year,91282CHU8,No,42000000000
2023-08-09,Note,10-Year,91282CHT1,No,38000000000
2023-08-10,Bond,30-Year,912810TT5,No,23000000000
2023-08-23,Bond,20-Year,912810TU2,No,16000000000
2023-08-28,Note,2-Year,91282CHV6,No,45000000000
2023-08-28,Note,5-Year,91282CHX2,No,46000000000
2023-08-29,Note,7-Year,91282CHW4,No,36000000000
2023-09-11,Note,3-Year,91282CHY0,No,44000000000
2023-09-12,Note,9-Year 11-Month,91282CHT1,Yes,35000000000
2023-09-13,Bond,29-Year 11-Month,912810TT5,Yes,20000000000
2023-09-19,Bond,19-Year 11-Month,912810TU2,Yes,13000000000
2023-09-26,Note,2-Year,91282CJB8,No,48000000000
2023-09-27,Note,5-Year,91282CJA0,No,49000000000
2023-09-28,Note,7-Year,91282CHZ7,No,37000000000
2023-10-10,Note,3-Year,91282CJC6,No,46000000000
2023-10-11,Note,9-Year 10-Month,91282CHT1,Yes,35000000000
2023-10-12,Bond,29-Year 10-Month,912810TT5,Yes,20000000000
2023-10-18,Bond,19-Year 10-Month,912810TU2,Yes,13000000000
2023-10-24,Note,2-Year,91282CJE2,No,51000000000
2023-10-25,Note,5-Year,91282CJF9,No,52000000000
2023-10-26,Note,7-Year,91282CJG7,No,38000000000
2023-11-07,Note,3-Year,91282CJK8,No,48000000000
2023-11-08,Note,10-Year,91282CJJ1,No,40000000000
2023-11-09,Bond,30-Year,912810TV0,No,24000000000
2023-11-20,Bond,20-Year,912810TW8,No,16000000000
2023-11-27,Note,2-Year,91282CJL6,No,54000000000
2023-11-27,Note,5-Year,91282CJN2,No,55000000000
2023-11-28,Note,7-Year,91282CJM4,No,39000000000
2023-12-11,Note,3-Year,91282CJP7,No,50000000000
2023-12-11,Note,9-Year 11-Month,91282CJJ1,Yes,37000000000
2023-12-12,Bond,29-Year 11-Month,912810TV0,Yes,21000000000
2023-12-20,Bond,19-Year 11-Month,912810TW8,Yes,13000000000
2023-12-26,Note,2-Year,91282CJS1,No,57000000000
2023-12-27,Note,5-Year,91282CJR3,No,58000000000
2023-12-28,Note,7-Year,91282CJQ5,No,40000000000
2024-01-09,Note,3-Year,91282CJT9,No,52000000000
2024-01-10,Note,9-Year 10-Month,91282CJJ1,Yes,37000000000
2024-01-11,Bond,29-Year 10-Month,912810TV0,Yes,21000000000
2024-01-17,Bond,19-Year 10-Month,912810TW8,Yes,13000000000
2024-01-23,Note,2-Year,91282CJV4,No,60000000000
2024-01-24,Note,5-Year,91282CJW2,No,61000000000
2024-01-25,Note,7-Year,91282CJX0,No,41000000000
2024-02-06,Note,3-Year,91282CKA8,No,54000000000
2024-02-07,Note,10-Year,91282CJZ5,No,42000000000
2024-02-08,Bond,30-Year,912810TX6,No,25000000000
2024-02-21,Bond,20-Year,912810TZ1,No,16000000000
2024-02-26,Note,2-Year,91282CKB6,No,63000000000
2024-02-26,Note,5-Year,91282CKD2,No,64000000000
2024-02-27,Note,7-Year,91282CKC4,No,42000000000
2024-03-11,Note,3-Year,91282CKE0,No,56000000000
2024-03-12,Note,9-Year 11-Month,91282CJZ5,Yes,39000000000
2024-03-13,Bond,29-Year 11-Month,912810TX6,Yes,22000000000
2024-03-19,Bond,19-Year 11-Month,912810TZ1,Yes,13000000000
2024-03-25,Note,2-Year,91282CKH3,No,66000000000
2024-03-26,Note,5-Year,91282CKG5,No,67000000000
2024-03-27,Note,7-Year,91282CKF7,No,43000000000
2024-04-09,Note,3-Year,91282CKJ9,No,58000000000
2024-04-10,Note,9-Year 10-Month,91282CJZ5,Yes,39000000000
2024-04-11,Bond,29-Year 10-Month,912810TX6,Yes,22000000000
2024-04-17,Bond,19-Year 10-Month,912810TZ1,Yes,13000000000
2024-04-23,Note,2-Year,91282CKK6,No,69000000000
2024-04-24,Note,5-Year,91282CKP5,No,70000000000
2024-04-25,Note,7-Year,91282CKN0,No,44000000000
2024-05-07,Note,3-Year,91282CKR1,No,58000000000
2024-05-08,Note,10-Year,91282CKQ3,No,42000000000
2024-05-09,Bond,30-Year,912810UA4,No,25000000000
2024-05-22,Bond,20-Year,912810UB2,No,16000000000
2024-05-28,Note,2-Year,91282CKS9,No,69000000000
2024-05-28,Note,5-Year,91282CKT7,No,70000000000
2024-05-29,Note,7-Year,91282CKU4,No,44000000000
2024-06-10,Note,3-Year,91282CKV2,No,58000000000
2024-06-11,Note,9-Year 11-Month,91282CKQ3,Yes,39000000000
2024-06-13,Bond,29-Year 11-Month,912810UA4,Yes,22000000000
2024-06-18,Bond,19-Year 11-Month,912810UB2,Yes,13000000000
2024-06-25,Note,2-Year,91282CKY6,No,69000000000
2024-06-26,Note,5-Year,91282CKX8,No,70000000000
2024-06-27,Note,7-Year,91282CKW0,No,44000000000
2024-07-09,Note,3-Year,91282CKZ3,No,58000000000
2024-07-10,Note,9-Year 10-Month,91282CKQ3,Yes,39000000000
2024-07-11,Bond,29-Year 10-Month,912810UA4,Yes,22000000000
2024-07-17,Bond,19-Year 10-Month,912810UB2,Yes,13000000000
2024-07-23,Note,2-Year,91282CLB5,No,69000000000
2024-07-24,Note,5-Year,91282CLC3,No,70000000000
2024-07-25,Note,7-Year,91282CLD1,No,44000000000
2024-08-06,Note,3-Year,91282CLG4,No,58000000000
2024-08-07,Note,10-Year,91282CLF6,No,42000000000
2024-08-08,Bond,30-Year,912810UC0,No,25000000000
2024-08-21,Bond,20-Year,912810UD8,No,16000000000
2024-08-27,Note,2-Year,91282CLH2,No,69000000000
2024-08-28,Note,5-Year,91282CLK5,No,70000000000
2024-08-29,Note,7-Year,91282CLJ8,No,44000000000
2024-09-10,Note,3-Year,91282CLL3,No,58000000000
2024-09-11,Note,9-Year 11-Month,91282CLF6,Yes,39000000000
2024-09-12,Bond,29-Year 11-Month,912810UC0,Yes,22000000000
2024-09-17,Bond,19-Year 11-Month,912810UD8,Yes,13000000000
2024-09-24,Note,2-Year,91282CLP4,No,69000000000
2024-09-25,Note,5-Year,91282CLN9,No,70000000000
2024-09-26,Note,7-Year,91282CLM1,No,44000000000
2024-10-08,Note,3-Year,91282CLQ2,No,58000000000
2024-10-09,Note,9-Year 10-Month,91282CLF6,Yes,39000000000
2024-10-10,Bond,29-Year 10-Month,912810UC0,Yes,22000000000
2024-10-23,Bond,19-Year 10-Month,912810UD8,Yes,13000000000
2024-10-28,Note,2-Year,91282CLS8,No,69000000000
2024-10-28,Note,5-Year,91282CLR0,No,70000000000
2024-10-29,Note,7-Year,91282CLU3,No,44000000000
2024-11-04,Note,3-Year,91282CLX7,No,58000000000
2024-11-05,Note,10-Year,91282CLW9,No,42000000000
2024-11-06,Bond,30-Year,912810UE6,No,25000000000
2024-11-20,Bond,20-Year,912810UF3,No,16000000000
2024-11-25,Note,2-Year,91282CLY5,No,69000000000
2024-11-26,Note,5-Year,91282CMA6,No,70000000000
2024-11-27,Note,7-Year,91282CLZ2,No,44000000000
2024-12-10,Note,3-Year,91282CMB4,No,58000000000
2024-12-11,Note,9-Year 11-Month,91282CLW9,Yes,39000000000
2024-12-12,Bond,29-Year 11-Month,912810UE6,Yes,22000000000
2024-12-17,Bond,19-Year 11-Month,912810UF3,Yes,13000000000
2024-12-23,Note,2-Year,91282CME8,No,69000000000
2024-12-24,Note,5-Year,91282CMD0,No,70000000000
2024-12-26,Note,7-Year,91282CMC2,No,44000000000
2025-01-06,Note,3-Year,91282CMF5,No,58000000000
2025-01-07,Note,9-Year 10-Month,91282CLW9,Yes,39000000000
2025-01-08,Bond,29-Year 10-Month,912810UE6,Yes,22000000000
2025-01-22,Bond,19-Year 10-Month,912810UF3,Yes,13000000000
2025-01-27,Note,2-Year,91282CMH1,No,69000000000
2025-01-27,Note,5-Year,91282CMG3,No,70000000000
2025-01-28,Note,7-Year,91282CMK4,No,44000000000
2025-02-11,Note,3-Year,91282CMN8,No,58000000000
2025-02-12,Note,10-Year,91282CMM0,No,42000000000
2025-02-13,Bond,30-Year,912810UG1,No,25000000000
2025-02-19,Bond,20-Year,912810UJ5,No,16000000000
2025-02-24,Note,2-Year,91282CMP3,No,69000000000
2025-02-25,Note,5-Year,91282CGQ8,Yes,70000000000
2025-02-26,Note,7-Year,91282CMR9,No,44000000000
2025-03-11,Note,3-Year,91282CMS7,No,58000000000
2025-03-12,Note,9-Year 11-Month,91282CMM0,Yes,39000000000
2025-03-13,Bond,29-Year 11-Month,912810UG1,Yes,22000000000
2025-03-18,Bond,19-Year 11-Month,912810UJ5,Yes,13000000000
2025-03-25,Note,2-Year,91282CMV0,No,69000000000
2025-03-26,Note,5-Year,91282CMU2,No,70000000000
2025-03-27,Note,7-Year,91282CMT5,No,44000000000
2025-04-08,Note,3-Year,91282CMW8,No,58000000000
2025-04-09,Note,9-Year 10-Month,91282CMM0,Yes,39000000000
2025-04-10,Bond,29-Year 10-Month,912810UG1,Yes,22000000000
2025-04-16,Bond,19-Year 10-Month,912810UJ5,Yes,13000000000
2025-04-22,Note,2-Year,91282CMY4,No,69000000000
2025-04-23,Note,5-Year,91282CMZ1,No,70000000000
2025-04-24,Note,7-Year,91282CNA5,No,44000000000
2025-05-05,Note,3-Year,91282CND9,No,58000000000
2025-05-06,Note,10-Year,91282CNC1,No,42000000000
2025-05-08,Bond,30-Year,912810UK2,No,25000000000
2025-05-21,Bond,20-Year,912810UL0,No,16000000000
2025-05-27,Note,2-Year,91282CNE7,No,69000000000
2025-05-28,Note,5-Year,91282CNG2,No,70000000000
2025-05-29,Note,7-Year,91282CNF4,No,44000000000
2025-06-10,Note,3-Year,91282CNH0,No,58000000000
2025-06-11,Note,9-Year 11-Month,91282CNC1,Yes,39000000000
2025-06-12,Bond,29-Year 11-Month,912810UK2,Yes,22000000000
2025-06-16,Bond,19-Year 11-Month,912810UL0,Yes,13000000000
2025-06-24,Note,2-Year,91282CNL1,No,69000000000
2025-06-25,Note,5-Year,91282CNK3,No,70000000000
2025-06-26,Note,7-Year,91282CNJ6,No,44000000000
2025-07-08,Note,3-Year,91282CNM9,No,58000000000
2025-07-09,Note,9-Year 10-Month,91282CNC1,Yes,39000000000
2025-07-10,Bond,29-Year 10-Month,912810UK2,Yes,22000000000
2025-07-23,Bond,19-Year 10-Month,912810UL0,Yes,13000000000
2025-07-28,Note,2-Year,91282CNP2,No,69000000000
2025-07-28,Note,5-Year,91282CNN7,No,70000000000
2025-07-29,Note,7-Year,91282CNR8,No,44000000000
2025-08-05,Note,3-Year,91282CNU1,No,58000000000
2025-08-06,Note,10-Year,91282CNT4,No,42000000000
2025-08-07,Bond,30-Year,912810UM8,No,25000000000
2025-08-20,Bond,20-Year,912810UN6,No,16000000000
2025-08-26,Note,2-Year,91282CNV9,No,69000000000
2025-08-27,Note,5-Year,91282CNX5,No,70000000000
2025-08-28,Note,7-Year,91282CNW7,No,44000000000
2025-09-09,Note,3-Year,91282CNY3,No,58000000000
2025-09-10,Note,9-Year 11-Month,91282CNT4,Yes,39000000000
2025-09-11,Bond,29-Year 11-Month,912810UM8,Yes,22000000000
2025-09-16,Bond,19-Year 11-Month,912810UN6,Yes,13000000000
2025-09-23,Note,2-Year,91282CPB1,No,69000000000
2025-09-24,Note,5-Year,91282CPA3,No,70000000000
2025-09-25,Note,7-Year,91282CNZ0,No,44000000000
2025-10-07,Note,3-Year,91282CPC9,No,58000000000
2025-10-08,Note,9-Year 10-Month,91282CNT4,Yes,39000000000
2025-10-09,Bond,29-Year 10-Month,912810UM8,Yes,22000000000
2025-10-22,Bond,19-Year 10-Month,912810UN6,Yes,13000000000
2025-10-27,Note,2-Year,91282CPE5,No,69000000000
2025-10-27,Note,5-Year,91282CPD7,No,70000000000
2025-10-28,Note,7-Year,91282CPF2,No,44000000000
2025-11-10,Note,3-Year,91282CPK1,No,58000000000
2025-11-12,Note,10-Year,91282CPJ4,No,42000000000
2025-11-13,Bond,30-Year,912810UP1,No,25000000000
2025-11-19,Bond,20-Year,912810UQ9,No,16000000000
2025-11-24,Note,2-Year,91282CPL9,No,69000000000
2025-11-25,Note,5-Year,91282CPN5,No,70000000000
2025-11-26,Note,7-Year,91282CPM7,No,44000000000
2025-12-08,Note,3-Year,91282CPP0,No,58000000000
2025-12-09,Note,9-Year 11-Month,91282CPJ4,Yes,39000000000
2025-12-11,Bond,29-Year 11-Month,912810UP1,Yes,22000000000
2025-12-17,Bond,19-Year 11-Month,912810UQ9,Yes,13000000000
2025-12-22,Note,2-Year,91282CPS4,No,69000000000
2025-12-23,Note,5-Year,91282CPR6,No,70000000000
2025-12-24,Note,7-Year,91282CPQ8,No,44000000000
2026-01-12,Note,3-Year,91282CPT2,No,58000000000
2026-01-12,Note,9-Year 10-Month,91282CPJ4,Yes,39000000000
2026-01-13,Bond,29-Year 10-Month,912810UP1,Yes,22000000000
2026-01-21,Bond,19-Year 10-Month,912810UQ9,Yes,13000000000
2026-01-26,Note,2-Year,91282CGH8,Yes,69000000000
2026-01-27,Note,5-Year,91282CPW5,No,70000000000
2026-01-29,Note,7-Year,91282CPY1,No,44000000000
2026-02-10,Note,3-Year,91282CQA2,No,58000000000
2026-02-11,Note,10-Year,91282CPZ8,No,42000000000
2026-02-12,Bond,30-Year,912810UR7,No,25000000000
2026-02-18,Bond,20-Year,912810UT3,No,16000000000
2026-02-24,Note,2-Year,91282CQB0,No,69000000000
2026-02-25,Note,5-Year,91282CQD6,No,70000000000
2026-02-26,Note,7-Year,91282CQC8,No,44000000000
2026-03-10,Note,3-Year,91282CQE4,No,58000000000
2026-03-11,Note,9-Year 11-Month,91282CPZ8,Yes,39000000000
2026-03-12,Bond,29-Year 11-Month,912810UR7,Yes,22000000000
2026-03-17,Bond,19-Year 11-Month,912810UT3,Yes,13000000000
2026-03-24,Note,2-Year,91282CQH7,No,69000000000
2026-03-25,Note,5-Year,91282CQG9,No,70000000000
2026-03-26,Note,7-Year,91282CQF1,No,44000000000
2026-04-07,Note,3-Year,91282CQJ3,No,58000000000
2026-04-08,Note,9-Year 10-Month,91282CPZ8,Yes,39000000000
2026-04-09,Bond,29-Year 10-Month,912810UR7,Yes,22000000000
2026-04-22,Bond,19-Year 10-Month,912810UT3,Yes,13000000000
2026-04-27,Note,2-Year,91282CQL8,No,69000000000
2026-04-27,Note,5-Year,91282CQK0,No,70000000000
2026-04-28,Note,7-Year,91282CQN4,No,44000000000
2026-05-11,Note,3-Year,91282CQR5,No,58000000000
2026-05-12,Note,10-Year,91282CQQ7,No,42000000000
2026-05-13,Bond,30-Year,912810UU0,No,25000000000
2026-05-20,Bond,20-Year,912810UV8,No,16000000000
2026-05-26,Note,2-Year,91282CQS3,No,69000000000
2026-05-27,Note,5-Year,91282CQU8,No,70000000000
2026-05-28,Note,7-Year,91282CQT1,No,44000000000
2026-06-09,Note,3-Year,91282CQV6,No,58000000000
2026-06-10,Note,9-Year 11-Month,91282CQQ7,Yes,39000000000
2026-06-11,Bond,29-Year 11-Month,912810UU0,Yes,22000000000
2026-06-16,Bond,19-Year 11-Month,912810UV8,Yes,13000000000
2026-06-23,Note,2-Year,91282CQY0,No,69000000000
2026-06-24,Note,5-Year,91282CQX2,No,70000000000
2026-06-25,Note,7-Year,91282CQW4,No,44000000000
2026-07-07,Note,3-Year,91282CQZ7,No,58000000000
2026-07-08,Note,9-Year 10-Month,91282CQQ7,Yes,39000000000
2026-07-09,Bond,29-Year 10-Month,912810UU0,Yes,22000000000
2026-07-22,Bond,19-Year 10-Month,912810UV8,Yes,13000000000
2026-07-27,Note,2-Year,91282CRB9,No,69000000000
2026-07-27,Note,5-Year,91282CRA1,No,70000000000
2026-07-28,Note,7-Year,91282CRC7,No,44000000000
2026-08-11,Note,3-Year,91282CRG8,No,58000000000
2026-08-12,Note,10-Year,91282CRF0,No,42000000000
2026-08-13,Bond,30-Year,912810UW6,No,25000000000
2026-08-19,Bond,20-Year,912810UX4,No,16000000000
2026-08-25,Note,2-Year,91282CRH6,No,69000000000
2026-08-26,Note,5-Year,91282CRK9,No,70000000000
2026-08-27,Note,7-Year,91282CRJ2,No,44000000000
2026-09-08,Note,3-Year,91282CRL7,No,58000000000
2026-09-09,Note,9-Year 11-Month,91282CRF0,Yes,39000000000
2026-09-10,Bond,29-Year 11-Month,912810UW6,Yes,22000000000
2026-09-15,Bond,19-Year 11-Month,912810UX4,Yes,13000000000
2026-09-22,Note,2-Year,91282CRP8,No,69000000000
2026-09-23,Note,5-Year,91282CRN3,No,70000000000
2026-09-24,Note,7-Year,91282CRM5,No,44000000000
